doc_id,source,source_type,site,domain,doc_url,author,rating_star,rating_title,comment_time,votes,text_raw,crawl_time,page
c05e9abc85a31782,携程景点点评,web_crawl_bs4_plus_api,you.ctrip.com,龙谕酒庄,https://you.ctrip.com/sight/yinchuan239/1414597.html?renderPlatform=,匿名用户,50,,2026-09-20 11:25:20,0,龙谕酒庄真的超出预期！欧式古堡建筑大气壮观，随手拍照都很出片。讲解员专业细致，跟着参观展厅、地下恒温酒窖，深入了解贺兰山东麓风土和葡萄酒酿造文化。酒窖里一排排橡木桶氛围感拉满，最后的品鉴环节体验很棒，能尝到龙谕获奖佳酿，感受塞上风土带来的独特酒香。来银川一定要打卡，既能赏景又能涨知识，值得推荐！,2026-09-21 20:15:56,1
4d0869ea8e9603eb,携程景点点评,web_crawl_bs4_plus_api,you.ctrip.com,龙谕酒庄,https://you.ctrip.com/sight/yinchuan239/1414597.html?renderPlatform=,YoYo_6M0O1S5C,50,,2026-09-19 10:20:59,0,酒庄的风景很好，适合来打卡拍照。正好是葡萄成熟的季节，可以去葡萄园子里面看酿酒葡萄。酒窖和品酒也都在城堡里面。整体感觉挺好的。,2026-09-21 20:15:56,1
3b1c3fb144b683d4,携程景点点评,web_crawl_bs4_plus_api,you.ctrip.com,龙谕酒庄,https://you.ctrip.com/sight/yinchuan239/1414597.html?renderPlatform=,YoYo_7S4A7K4I,50,,2026-09-17 10:49:02,0,今天来到了张裕龙谕酒庄，整体环境特别好，葡萄园就在酒庄里面，前台服务人员态度好，有指引路线。适合来拍照打卡。正好赶上了葡萄成熟的季节，酿酒葡萄都成熟了，葡萄园也比较大。买了门票还可以品酒。整体体验感不错，秋天景色也好看。,2026-09-21 20:15:56,1
2d7e9a230c493e55,携程景点点评,web_crawl_bs4_plus_api,you.ctrip.com,龙谕酒庄,https://you.ctrip.com/sight/yinchuan239/1414597.html?renderPlatform=,YoYo_9T5Y4W3S,50,,2026-09-15 15:25:48,0,银川之行特意安排龙谕酒庄，体验超出预期，拜占庭风格城堡搭配大片葡萄园，拍照氛围感拉满！跟着导游小姐姐参观地下酒窖和葡萄酒博物馆，一排排橡木桶很震撼，系统了解了国产葡萄酒发展历程。品鉴环节侍酒师讲解细致，能清晰感受不同酒款风味。整体行程节奏舒适，慢悠悠的感受脱离城市的惬意，停车方便，不像其他景区人多乱哄哄的，秋季还可以采摘葡萄，适合亲子出游或研学。来就对了，来感受贺兰山东麓葡萄酒文化。,2026-09-21 20:15:56,1
f20b5ad2438bec60,携程景点点评,web_crawl_bs4_plus_api,you.ctrip.com,龙谕酒庄,https://you.ctrip.com/sight/yinchuan239/1414597.html?renderPlatform=,YoYo_5Y6F5S2R,50,,2026-09-14 13:20:05,0,庄园非常漂亮，给的品酒也很好喝，连小食都好吃，出片好玩！,2026-09-21 20:15:56,1
033b3cc6f8d37843,携程景点点评,web_crawl_bs4_plus_api,you.ctrip.com,龙谕酒庄,https://you.ctrip.com/sight/yinchuan239/1414597.html?renderPlatform=,YoYo_1P4O0P9I,50,,2026-09-14 13:18:26,0,环境很好 酒很好喝 非常值得来参观打卡,2026-09-21 20:15:56,1
5cd05f1e0365f2b0,携程景点点评,web_crawl_bs4_plus_api,you.ctrip.com,龙谕酒庄,https://you.ctrip.com/sight/yinchuan239/1414597.html?renderPlatform=,YoYo_1X0W1P4V,50,,2026-09-14 13:13:20,0,好喝，好喝，真好喝，太好喝了，没喝过这么好喝的！,2026-09-21 20:15:56,1
a73ca5c7a7bb827a,携程景点点评,web_crawl_bs4_plus_api,you.ctrip.com,龙谕酒庄,https://you.ctrip.com/sight/yinchuan239/1414597.html?renderPlatform=,YoYo_6O2N7M0X,50,,2026-09-14 13:13:17,0,城堡很美，酒也很好喝，品酒小姐姐也非常nice，推荐,2026-09-21 20:15:56,1
9b6a33e3eaa5f9db,携程景点点评,web_crawl_bs4_plus_api,you.ctrip.com,龙谕酒庄,https://you.ctrip.com/sight/yinchuan239/1414597.html?renderPlatform=,YoYo_1X2Z8X1A,50,,2026-09-14 13:12:44,0,百年企业，值得一观，好看好喝还会再来！,2026-09-21 20:15:56,1
a8e8bba8262f5708,携程景点点评,web_crawl_bs4_plus_api,you.ctrip.com,龙谕酒庄,https://you.ctrip.com/sight/yinchuan239/1414597.html?renderPlatform=,YoYo_1Y3D9N1C,50,,2026-09-14 13:12:28,0,好喝，很喜欢！一定还会再来，服务很好,2026-09-21 20:15:56,1
93e3e184d5e12062,携程景点点评,web_crawl_bs4_plus_api,you.ctrip.com,龙谕酒庄,https://you.ctrip.com/sight/yinchuan239/1414597.html?renderPlatform=,YoYo_3F1Z9E6M,50,,2026-09-13 16:29:15,0,酒庄大气，清凉避暑，对红酒有了新的了解,2026-09-21 20:15:56,1
25c8411a729361b3,携程景点点评,web_crawl_bs4_plus_api,you.ctrip.com,龙谕酒庄,https://you.ctrip.com/sight/yinchuan239/1414597.html?renderPlatform=,YoYo_0A7S2W0K,50,,2026-09-13 16:27:30,0,酒庄很大，葡萄很甜，讲解的很细致,2026-09-21 20:15:56,1
2bdb924ff228e206,携程景点点评,web_crawl_bs4_plus_api,you.ctrip.com,龙谕酒庄,https://you.ctrip.com/sight/yinchuan239/1414597.html?renderPlatform=,YoYo_9W5K8I7I,50,,2026-09-12 14:08:39,0,这里很有西方建筑的感觉，酒庄很新，外观设计不错,2026-09-21 20:15:56,1
37ecd241510ec1e0,携程景点点评,web_crawl_bs4_plus_api,you.ctrip.com,龙谕酒庄,https://you.ctrip.com/sight/yinchuan239/1414597.html?renderPlatform=,Gaber,50,,2026-09-12 14:08:13,0,环境绝佳，葡园景色舒服。讲解专业，品鉴体验很好，葡萄酒风味干净有层次，服务松弛不推销，周末微醺好去处。,2026-09-21 20:15:56,1
68999cc78e10c3f1,携程景点点评,web_crawl_bs4_plus_api,you.ctrip.com,龙谕酒庄,https://you.ctrip.com/sight/yinchuan239/1414597.html?renderPlatform=,YoYo_0H3C3L6P,50,,2026-09-12 14:01:54,0,酒庄景色很好，风景优美，葡萄也成熟了，城堡背景很好，适合拍照打卡，带家人来游玩。,2026-09-21 20:15:56,1
012c14b3bd2e5b42,携程景点点评,web_crawl_bs4_plus_api,you.ctrip.com,龙谕酒庄,https://you.ctrip.com/sight/yinchuan239/1414597.html?renderPlatform=,YoYo_6V8H0E2J,50,,2026-09-12 13:59:24,0,酒庄的景色非常漂亮，然后葡萄也很好吃，环境优雅。,2026-09-21 20:15:56,1
6299cd11129ac4ea,携程景点点评,web_crawl_bs4_plus_api,you.ctrip.com,龙谕酒庄,https://you.ctrip.com/sight/yinchuan239/1414597.html?renderPlatform=,YoYo_5Z2Q4F9S,50,,2026-09-12 13:47:33,0,酒庄景色非常美丽，适合来打卡拍照，带家人游玩，是张裕旗下高端品牌。可以来品品酒。好评，下次还来。,2026-09-21 20:15:56,1
d10003b7e3dcb341,携程景点点评,web_crawl_bs4_plus_api,you.ctrip.com,龙谕酒庄,https://you.ctrip.com/sight/yinchuan239/1414597.html?renderPlatform=,YoYo_3Z7T4R4V,50,,2026-09-12 13:37:01,0,城堡是欧式风格，负一楼是地下酒驾，氛围十足浓郁的酒呃口感丰富饱满，清除贺兰山东路的独特风土，来银川必须打卡,2026-09-21 20:15:56,1
d1759c0c092621f9,携程景点点评,web_crawl_bs4_plus_api,you.ctrip.com,龙谕酒庄,https://you.ctrip.com/sight/yinchuan239/1414597.html?renderPlatform=,田学智,50,,2026-09-12 13:33:07,0,这家酒庄的体验远超预期，值得专程前往。从抵达那一刻起，就被连绵的葡萄园和古朴的石砌建筑所吸引，空气中弥漫着橡木桶与成熟浆果的醇香。品鉴环节安排得专业而从容，侍酒师对每一款酒的年份、风土和酿造工艺都如数家珍，讲解深入浅出，即便是入门爱好者也能轻松理解。,2026-09-21 20:15:56,1
810ff5c1db4cce8d,携程景点点评,web_crawl_bs4_plus_api,you.ctrip.com,龙谕酒庄,https://you.ctrip.com/sight/yinchuan239/1414597.html?renderPlatform=,YoYo_3C4L7W2B,50,,2026-09-12 13:30:52,0,酒庄景色很好，适合来参观打卡，买门票可以品酒，夏天秋天景色都比较好，像来了欧洲城堡一样。,2026-09-21 20:15:56,1
4fc5b65aebcd6217,携程景点点评,web_crawl_bs4_plus_api,you.ctrip.com,龙谕酒庄,https://you.ctrip.com/sight/yinchuan239/1414597.html?renderPlatform=,YoYo_5D3J4O9M,50,,2026-09-12 13:30:44,0,酒庄环境雅致，酒香醇厚，品鉴体验超棒,2026-09-21 20:15:56,1
05961e6b6b91d740,携程景点点评,web_crawl_bs4_plus_api,you.ctrip.com,龙谕酒庄,https://you.ctrip.com/sight/yinchuan239/1414597.html?renderPlatform=,刘到福,50,,2026-09-12 13:30:16,0,酒庄大气美观，值得参观的，整体建筑都非常大气的，大家都可以来转转逛逛，非常大气的，人也很多，我们是来参加婚礼的，很好玩,2026-09-21 20:15:56,1
89553fdf819e38e7,携程景点点评,web_crawl_bs4_plus_api,you.ctrip.com,龙谕酒庄,https://you.ctrip.com/sight/yinchuan239/1414597.html?renderPlatform=,YoYo_8E0R3U3K,50,,2026-09-12 11:46:32,0,贺兰山脚下宝藏酒庄，古堡建筑超出片。地下酒窖氛围感十足，侍酒师专业耐心，讲解细致。龙谕红酒果香饱满，单宁顺滑，能品出贺兰山东麓独特风土。沉浸式感受国产葡萄酒文化，来银川必打卡！,2026-09-21 20:15:56,1
fed960328108dc23,携程景点点评,web_crawl_bs4_plus_api,you.ctrip.com,龙谕酒庄,https://you.ctrip.com/sight/yinchuan239/1414597.html?renderPlatform=,匿名用户,50,,2026-09-11 12:31:32,0,环境很好，体验感不错,2026-09-21 20:15:56,1
e5c73f2d26d91923,携程景点点评,web_crawl_bs4_plus_api,you.ctrip.com,龙谕酒庄,https://you.ctrip.com/sight/yinchuan239/1414597.html?renderPlatform=,YoYo_2M1D3J5B,50,,2026-09-11 12:30:26,0,拍照很出片，很有氛围，异域风情，体验感很好。,2026-09-21 20:15:56,1
b5f863102810ca6a,携程景点点评,web_crawl_bs4_plus_api,you.ctrip.com,龙谕酒庄,https://you.ctrip.com/sight/yinchuan239/1414597.html?renderPlatform=,YoYo_1P0X7G9O,50,,2026-09-11 12:30:11,0,了解了酒庄的历史发展，还有年份酒等参观内容，值得一来，环境优美，学到了知识，还品到了酒。,2026-09-21 20:15:56,1
bfeea23c19deb57e,携程景点点评,web_crawl_bs4_plus_api,you.ctrip.com,龙谕酒庄,https://you.ctrip.com/sight/yinchuan239/1414597.html?renderPlatform=,YoYo_1Z7O2T7L,50,,2026-09-11 12:29:46,0,非常好看非常出片，推荐大家来，体验非常不错，人还特别少,2026-09-21 20:15:56,1
e8a7b307ec3c0b56,携程景点点评,web_crawl_bs4_plus_api,you.ctrip.com,龙谕酒庄,https://you.ctrip.com/sight/yinchuan239/1414597.html?renderPlatform=,匿名用户,50,,2026-09-11 12:29:43,0,很棒很好体验感很好，比博物馆好，人不多，拍照很出片，也没有人挡画面，也没有工作人员跟随，体验感很棒，环境很好，高档！适合慢悠悠的逛！,2026-09-21 20:15:56,1
4be38b5c4a2cae95,携程景点点评,web_crawl_bs4_plus_api,you.ctrip.com,龙谕酒庄,https://you.ctrip.com/sight/yinchuan239/1414597.html?renderPlatform=,YoYo_5G5Z7G9Y,50,,2026-09-11 12:29:35,0,贺兰山脚下的酒庄体验超惊喜，带着逛葡萄园、参观酿酒车间和地下酒窖，了解葡萄酒酿造全过程。环境静谧出片，品酒环节体验很棒，果香干净浓郁。全程节奏舒服，没有强制推销，来银川一定要安排！,2026-09-21 20:15:56,1
ca5250d8fb54a312,携程景点点评,web_crawl_bs4_plus_api,you.ctrip.com,龙谕酒庄,https://you.ctrip.com/sight/yinchuan239/1414597.html?renderPlatform=,匿名用户,50,,2026-09-11 12:29:32,0,环境优美，建筑设计兼具法式与中式风格，非常值得一游,2026-09-21 20:15:56,1
9375e48f4b9a37b1,携程景点点评,web_crawl_bs4_plus_api,you.ctrip.com,龙谕酒庄,https://you.ctrip.com/sight/yinchuan239/1414597.html?renderPlatform=,YoYo_3X2A8Q4A,50,,2026-09-11 12:29:14,0,环境很棒，了解了红酒相关知识。人不多环境很悠闲。,2026-09-21 20:15:56,1
237214d6ca5ef0da,携程景点点评,web_crawl_bs4_plus_api,you.ctrip.com,龙谕酒庄,https://you.ctrip.com/sight/yinchuan239/1414597.html?renderPlatform=,YoYo_3B9G5G0M,50,,2026-09-11 12:28:28,0,"这家酒庄真的太适合拍照了！📸 随便找个角落光线都特别柔和，原图直出就有种电影质感。园区维护得很干净，没有那种杂乱的游客感，工作人员也不会一直盯着你拍，体验感拉满。
不管是穿裙子还是休闲装都很搭，出片率极高✨。周末想找个地方放松顺便拍美照的姐妹，这里绝对值得冲，随手一拍都是大片既视感😋。",2026-09-21 20:15:56,1
aead2d074898fe81,携程景点点评,web_crawl_bs4_plus_api,you.ctrip.com,龙谕酒庄,https://you.ctrip.com/sight/yinchuan239/1414597.html?renderPlatform=,YoYo_7U4B6M2O,50,,2026-09-10 12:14:59,0,这里非常棒，离西夏王陵很近，欧式古堡，一进大门就是葡萄园，主楼负一层酒窖、二层文化博物馆。,2026-09-21 20:15:56,1
fac9a14d9a5851d7,携程景点点评,web_crawl_bs4_plus_api,you.ctrip.com,龙谕酒庄,https://you.ctrip.com/sight/yinchuan239/1414597.html?renderPlatform=,YoYo_3R7B7P4H,50,,2026-09-03 09:29:02,0,景色美丽，酒好喝，工作人员热情,2026-09-21 20:15:56,1
840eb48b90f4d0c8,携程景点点评,web_crawl_bs4_plus_api,you.ctrip.com,龙谕酒庄,https://you.ctrip.com/sight/yinchuan239/1414597.html?renderPlatform=,YoYo_9C6Z1R7A,50,,2026-08-29 16:23:09,0,葡萄比想得甜多了，酒也味道不错，来体验一下还是很值得的！,2026-09-21 20:15:56,1
bea98a217e148593,携程景点点评,web_crawl_bs4_plus_api,you.ctrip.com,龙谕酒庄,https://you.ctrip.com/sight/yinchuan239/1414597.html?renderPlatform=,YoYo_3S2K0P0S,50,,2026-08-28 16:54:44,0,环境非常优美，地窖很有味道，龙谕干红很好喝,2026-09-21 20:15:56,1
e6a9e9c08dfc2121,携程景点点评,web_crawl_bs4_plus_api,you.ctrip.com,龙谕酒庄,https://you.ctrip.com/sight/yinchuan239/1414597.html?renderPlatform=,YoYo_3F1J2U6H,50,,2026-08-28 16:45:48,0,非常好，服务超赞,2026-09-21 20:15:56,1
b923b850fe617ef5,携程景点点评,web_crawl_bs4_plus_api,you.ctrip.com,龙谕酒庄,https://you.ctrip.com/sight/yinchuan239/1414597.html?renderPlatform=,匿名用户,50,,2026-08-28 14:44:45,0,拍照很出片，来体验一下拍照是个不错的地方，挺好玩的,2026-09-21 20:15:56,1
d0c94f43d9561635,携程景点点评,web_crawl_bs4_plus_api,you.ctrip.com,龙谕酒庄,https://you.ctrip.com/sight/yinchuan239/1414597.html?renderPlatform=,YoYo_0R8W6T5I,50,,2026-08-26 18:09:24,0,酒庄磅礴大气欧式风格建筑值得参观也值得拍照打卡,2026-09-21 20:15:56,1
b1bf85cd3591fd05,携程景点点评,web_crawl_bs4_plus_api,you.ctrip.com,龙谕酒庄,https://you.ctrip.com/sight/yinchuan239/1414597.html?renderPlatform=,YoYo_3F3B0O5E,50,,2026-08-26 18:06:35,0,欧式风格建筑本土矿山修建生态改造故事性,2026-09-21 20:15:56,1
a568fa6d5b6d455d,携程景点点评,web_crawl_bs4_plus_api,you.ctrip.com,龙谕酒庄,https://you.ctrip.com/sight/yinchuan239/1414597.html?renderPlatform=,YoYo_5P8E4S6H,50,,2026-08-26 18:02:46,0,立足贺兰山干旱戈壁高端的酿酒产品建筑景观出色,2026-09-21 20:15:56,1
611576658d9749ed,携程景点点评,web_crawl_bs4_plus_api,you.ctrip.com,龙谕酒庄,https://you.ctrip.com/sight/yinchuan239/1414597.html?renderPlatform=,YoYo_8G2T1Y5M,50,,2026-08-26 18:02:31,0,"“来宁夏旅游，最期待的就是来打卡龙谕酒庄。外观绝对是妥妥的欧式城堡（图4），很大气，门口随便站一站就很出片。
买票进来后参观了地下酒窖，里面成排的橡木桶简直太壮观了！图2和图3拍出来特别有氛围感。特别有意思的是图1里面，架子上挂满了各个知名企业的定制酒桶，红色的金属架特别抢眼。整个参观过程既能看到现代化的酿酒设备，又能感受到酒庄悠久的历史底蕴。酒庄的工作人员服务态度很好，讲解也很细致。喜欢喝红酒和喜欢拍照的朋友们，冲就完事了！”",2026-09-21 20:15:56,1
50500dcaf01877fb,携程景点点评,web_crawl_bs4_plus_api,you.ctrip.com,龙谕酒庄,https://you.ctrip.com/sight/yinchuan239/1414597.html?renderPlatform=,YoYo_9L3Z9W6W,50,,2026-08-26 18:02:13,0,第一次来我们宁夏的酒庄，感觉还是很不错滴，景色，讲解都一级棒，美中不足的是阴天下雨，照片不是那么的没。可以品四款葡萄酒，还送一小瓶白兰地，不错不错！,2026-09-21 20:15:56,1
d2ec813e0841c4fa,携程景点点评,web_crawl_bs4_plus_api,you.ctrip.com,龙谕酒庄,https://you.ctrip.com/sight/yinchuan239/1414597.html?renderPlatform=,YoYo_8Z5D5S4T,50,,2026-08-25 14:23:41,0,酒庄特别好看！拍照也好看！试喝的三款酒都很好喝，喜欢💕,2026-09-21 20:15:56,1
7c406be699349d46,携程景点点评,web_crawl_bs4_plus_api,you.ctrip.com,龙谕酒庄,https://you.ctrip.com/sight/yinchuan239/1414597.html?renderPlatform=,YoYo_4Z1N8G6O,50,,2026-08-25 14:22:42,0,酒庄感觉非常好口感很不错，酒庄氛围也很好游客不多很安静,2026-09-21 20:15:56,1
fffaf74bc15caf4f,携程景点点评,web_crawl_bs4_plus_api,you.ctrip.com,龙谕酒庄,https://you.ctrip.com/sight/yinchuan239/1414597.html?renderPlatform=,YoYo_8A9N7T9L,50,,2026-08-25 13:12:50,0,城堡式的庄园，面积非常大，地下酒庄十分凉快，文化展示十分丰富。,2026-09-21 20:15:56,1
7d175f9ed83e3099,携程景点点评,web_crawl_bs4_plus_api,you.ctrip.com,龙谕酒庄,https://you.ctrip.com/sight/yinchuan239/1414597.html?renderPlatform=,Willis环,50,,2026-08-25 12:32:28,0,没想到大学生参观酒庄门票也有优惠，品鉴葡萄酒和成人票是一样的，很有意思，小众的“景点”。要是像国外酒庄那样，能有讲解带着参观酿酒过程，就更好了,2026-09-21 20:15:56,1
3d240d5c71e864d9,携程景点点评,web_crawl_bs4_plus_api,you.ctrip.com,龙谕酒庄,https://you.ctrip.com/sight/yinchuan239/1414597.html?renderPlatform=,Willis环,50,,2026-08-25 12:29:51,0,宁夏行最后半天，不想太累，又想看看当地特色，于是选了市区近郊的龙谕酒庄，物超所值。行程相当舒缓，欧式古堡、木桶酒窖，非常出片。最后的品酒环节，既解说了酒庄大致情况和红酒基本知识，又品尝了三款不同口味的葡萄酒，有趣有情调，很nice!,2026-09-21 20:15:56,1
1cc3df752488e586,携程景点点评,web_crawl_bs4_plus_api,you.ctrip.com,龙谕酒庄,https://you.ctrip.com/sight/yinchuan239/1414597.html?renderPlatform=,YoYo_1D0W7N4O,50,,2026-08-24 15:41:12,0,来宁夏怎么能不来龙谕酒庄品酒看美景,2026-09-21 20:15:56,1
30ca21c7e2be3daa,携程景点点评,web_crawl_bs4_plus_api,you.ctrip.com,龙谕酒庄,https://you.ctrip.com/sight/yinchuan239/1414597.html?renderPlatform=,YoYo_2D7Y0X9L,50,,2026-08-24 15:38:51,0,好酒好玩很不错，推荐了朋友来玩,2026-09-21 20:15:56,1
f794052f55820855,携程景点点评,web_crawl_bs4_plus_api,you.ctrip.com,龙谕酒庄,https://you.ctrip.com/sight/yinchuan239/1414597.html?renderPlatform=,YoYo_8W2J8R4U,50,,2026-08-24 15:38:35,0,口感醇厚细腻，值得去深度研究。,2026-09-21 20:15:56,2
4b4c3032ca2841e8,携程景点点评,web_crawl_bs4_plus_api,you.ctrip.com,龙谕酒庄,https://you.ctrip.com/sight/yinchuan239/1414597.html?renderPlatform=,YoYo_6W7M0X0Y,50,,2026-08-23 17:33:50,0,酒庄非常大 酒品种类很多 值得大家来尝试一下 庄园还有一大片葡萄地 小朋友也可以来参观,2026-09-21 20:15:56,2
e73e225b97f0255e,携程景点点评,web_crawl_bs4_plus_api,you.ctrip.com,龙谕酒庄,https://you.ctrip.com/sight/yinchuan239/1414597.html?renderPlatform=,YoYo_3K0W4P9L,50,,2026-08-23 16:02:05,0,干白，干红都挺不错，更了解红酒工艺，,2026-09-21 20:15:56,2
73d35a6a1463fc1a,携程景点点评,web_crawl_bs4_plus_api,you.ctrip.com,龙谕酒庄,https://you.ctrip.com/sight/yinchuan239/1414597.html?renderPlatform=,YoYo_0X7B2B4Q,50,,2026-08-23 10:54:49,0,地方很好找，场地也非常大，城堡很好看！！游览过程很安静，感觉装修都非常用心。游览完毕有个品酒的地方，讲解员很专业，讲的特别细致，体验感很好,2026-09-21 20:15:56,2
6712aacc0c7a10c3,携程景点点评,web_crawl_bs4_plus_api,you.ctrip.com,龙谕酒庄,https://you.ctrip.com/sight/yinchuan239/1414597.html?renderPlatform=,YoYo_1Z5L0B6S,50,,2026-08-23 10:54:45,0,地方很好玩，出了很多片，酒也很好喝，最喜欢里面的红酿白哈哈哈,2026-09-21 20:15:56,2
3ecb56a19d07cf44,携程景点点评,web_crawl_bs4_plus_api,you.ctrip.com,龙谕酒庄,https://you.ctrip.com/sight/yinchuan239/1414597.html?renderPlatform=,YoYo_9Q4I7C2L,50,,2026-08-22 16:15:30,0,酒庄适合打卡拍照 推荐大家一起来看看。葡萄酒好喝不错,2026-09-21 20:15:56,2
7b707377fc679fef,携程景点点评,web_crawl_bs4_plus_api,you.ctrip.com,龙谕酒庄,https://you.ctrip.com/sight/yinchuan239/1414597.html?renderPlatform=,哈萨克斯坦忽必烈,30,,2026-08-21 16:32:39,0,环境美，带领参观的解说也好，客观说比源石那种乱糟糟的免费团强多了，只是有一项太坑了。398元品酒环节之后肯定就是买酒，结果导购推荐的龙谕赤霞珠干白打完折之后499元，还要自行支付运费。结果京东自营打完折后429元，这也过于离谱了。这不是坑人嘛，希望以后的游客请避坑！,2026-09-21 20:15:56,2
e17001f7b4ae96ec,携程景点点评,web_crawl_bs4_plus_api,you.ctrip.com,龙谕酒庄,https://you.ctrip.com/sight/yinchuan239/1414597.html?renderPlatform=,匿名用户,50,,2026-08-19 17:27:22,0,人不多，可以品三种及淺嚐不同品种的葡萄，体驗不错👍🏻,2026-09-21 20:15:56,2
cbfdff842d6fb8d4,携程景点点评,web_crawl_bs4_plus_api,you.ctrip.com,龙谕酒庄,https://you.ctrip.com/sight/yinchuan239/1414597.html?renderPlatform=,YoYo_2J0I9F6Q,50,,2026-08-17 15:49:58,0,是一座非常适合拍照的酒庄，酒庄很大，景很漂亮，酒也好喝,2026-09-21 20:15:56,2
5a11340a5cad3744,携程景点点评,web_crawl_bs4_plus_api,you.ctrip.com,龙谕酒庄,https://you.ctrip.com/sight/yinchuan239/1414597.html?renderPlatform=,YoYo_5V8S8U2R,50,,2026-08-17 15:41:07,0,非常不错的红酒🍷味道浓郁醇厚,2026-09-21 20:15:56,2
5d14ff2c35062f29,携程景点点评,web_crawl_bs4_plus_api,you.ctrip.com,龙谕酒庄,https://you.ctrip.com/sight/yinchuan239/1414597.html?renderPlatform=,YoYo_0F7K7A8Q,50,,2026-08-17 15:39:03,0,地方看着很高端大气，还能品酒，带家人来看看也蛮不错。,2026-09-21 20:15:56,2
f9abb6505ea2de37,携程景点点评,web_crawl_bs4_plus_api,you.ctrip.com,龙谕酒庄,https://you.ctrip.com/sight/yinchuan239/1414597.html?renderPlatform=,YoYo_6Y6F3F2M,50,,2026-08-16 19:59:17,0,酒庄的欧式建筑风格很独特，品尝的葡萄酒味道很好,2026-09-21 20:15:56,2
98686bedee1f525d,携程景点点评,web_crawl_bs4_plus_api,you.ctrip.com,龙谕酒庄,https://you.ctrip.com/sight/yinchuan239/1414597.html?renderPlatform=,YoYo_9M0W1H2P,50,,2026-08-15 16:37:19,0,很好的地方，人不多，很适合走走逛逛，再买点好酒回家送人,2026-09-21 20:15:56,2
21b1d5e079e70424,携程景点点评,web_crawl_bs4_plus_api,you.ctrip.com,龙谕酒庄,https://you.ctrip.com/sight/yinchuan239/1414597.html?renderPlatform=,YoYo_2V7E7N2A,50,,2026-08-15 15:40:56,0,建筑分格非常满意，拍照好看，葡萄酒好喝，口感不错。,2026-09-21 20:15:56,2
9d98c6044845400c,携程景点点评,web_crawl_bs4_plus_api,you.ctrip.com,龙谕酒庄,https://you.ctrip.com/sight/yinchuan239/1414597.html?renderPlatform=,爱旅游的大脸猫～,50,,2026-08-15 13:43:03,0,酒庄超级棒！太适合出片啦！红酒也非常棒，都是专利产品！玩了一上午非常开心！,2026-09-21 20:15:56,2
bf167738c7b4a16d,携程景点点评,web_crawl_bs4_plus_api,you.ctrip.com,龙谕酒庄,https://you.ctrip.com/sight/yinchuan239/1414597.html?renderPlatform=,YoYo_4T3B0J8E,50,,2026-08-15 13:42:28,0,银川的小法国，环境氛围超级好，拍照片超级出片，酒也很好喝，品酒的小姐姐超级温柔，很推荐大家可以跟朋友小聚,2026-09-21 20:15:56,2
fcd82005190fdf86,携程景点点评,web_crawl_bs4_plus_api,you.ctrip.com,龙谕酒庄,https://you.ctrip.com/sight/yinchuan239/1414597.html?renderPlatform=,YoYo_1I4Y9O9S,50,,2026-08-15 13:41:35,0,景色优美 可以品尝酒 很出片 环境优雅,2026-09-21 20:15:56,2
3c2e099c31f67a30,携程景点点评,web_crawl_bs4_plus_api,you.ctrip.com,龙谕酒庄,https://you.ctrip.com/sight/yinchuan239/1414597.html?renderPlatform=,嘉栋sensei,50,,2026-08-15 13:36:38,0,酒庄氛围特别雅致，建筑非常独特，而且品的三款酒很有特色~红酒师小姐姐讲解非常到位,2026-09-21 20:15:56,2
aed823650ca3dc6f,携程景点点评,web_crawl_bs4_plus_api,you.ctrip.com,龙谕酒庄,https://you.ctrip.com/sight/yinchuan239/1414597.html?renderPlatform=,YoYo_5W5J2W9U,30,,2026-08-15 13:11:10,0,没有想象的好，应该建筑的太久了,2026-09-21 20:15:56,2
c122fa6ef92e0654,携程景点点评,web_crawl_bs4_plus_api,you.ctrip.com,龙谕酒庄,https://you.ctrip.com/sight/yinchuan239/1414597.html?renderPlatform=,YoYo_5J6P4K2T,50,,2026-08-13 15:02:58,0,"学习之旅，品红酒，看美景。

一园风土，一缕酒香，在这里真切感受到酿酒的匠心。",2026-09-21 20:15:56,2
10e7601e90385d68,携程景点点评,web_crawl_bs4_plus_api,you.ctrip.com,龙谕酒庄,https://you.ctrip.com/sight/yinchuan239/1414597.html?renderPlatform=,YoYo_6W4L1H2Q,50,,2026-08-13 13:53:34,0,非常出片的地方，拍的不亦乐乎,2026-09-21 20:15:56,2
a0bddb37ab64f12b,携程景点点评,web_crawl_bs4_plus_api,you.ctrip.com,龙谕酒庄,https://you.ctrip.com/sight/yinchuan239/1414597.html?renderPlatform=,YoYo_6W4L1H2Q,50,,2026-08-13 13:51:16,0,很不错的酒庄，值得推荐逛逛，银川旅游很喜欢的一站,2026-09-21 20:15:56,2
ae1e0f9fa0485d34,携程景点点评,web_crawl_bs4_plus_api,you.ctrip.com,龙谕酒庄,https://you.ctrip.com/sight/yinchuan239/1414597.html?renderPlatform=,YoYo_8P9E8S0P,50,,2026-08-12 17:07:12,0,龙谕酒庄整体建筑风格独特典雅，品酒过程也很详细，很不错,2026-09-21 20:15:56,2
13cfe65adcc8fe2c,携程景点点评,web_crawl_bs4_plus_api,you.ctrip.com,龙谕酒庄,https://you.ctrip.com/sight/yinchuan239/1414597.html?renderPlatform=,YoYo_1Q8W2Z9E,50,,2026-08-12 17:01:09,0,很新奇的体验！了解的葡萄酒的酿造过程,2026-09-21 20:15:56,2
f9de6dd0dbd70f3a,携程景点点评,web_crawl_bs4_plus_api,you.ctrip.com,龙谕酒庄,https://you.ctrip.com/sight/yinchuan239/1414597.html?renderPlatform=,YoYo_6Q4G6U1N,50,,2026-08-12 15:35:19,0,来酒庄，品酒，品文化。国红龙，龙12，龙9,2026-09-21 20:15:56,2
0db28ff5fa0f95bb,携程景点点评,web_crawl_bs4_plus_api,you.ctrip.com,龙谕酒庄,https://you.ctrip.com/sight/yinchuan239/1414597.html?renderPlatform=,YoYo_2R7W3X9R,50,,2026-08-12 15:33:07,0,好葡萄，好酒，好山庄，值得专程来看一下,2026-09-21 20:15:56,2
1ff2b7a6e585266a,携程景点点评,web_crawl_bs4_plus_api,you.ctrip.com,龙谕酒庄,https://you.ctrip.com/sight/yinchuan239/1414597.html?renderPlatform=,YoYo_4P2A3V3N,50,,2026-08-12 12:42:19,0,景色不错 适合拍照 免费品尝的酒也好喝,2026-09-21 20:15:56,2
ad6d5a51c0907248,携程景点点评,web_crawl_bs4_plus_api,you.ctrip.com,龙谕酒庄,https://you.ctrip.com/sight/yinchuan239/1414597.html?renderPlatform=,Mobius_Lee,50,,2026-08-12 12:08:30,0,"景色:非常美，很有欧洲范，进门就看见马克龙的大照片

趣味:挺好玩，没见过的风景，很出片

性价比:便宜门票，还能拼酒，其实性价比很好",2026-09-21 20:15:56,2
c1c8ea2d92f5b463,携程景点点评,web_crawl_bs4_plus_api,you.ctrip.com,龙谕酒庄,https://you.ctrip.com/sight/yinchuan239/1414597.html?renderPlatform=,YoYo_5B4V1U3U,50,,2026-08-11 15:28:26,0,欧式建筑，酒庄特别漂亮，干净整洁，适合打卡，还可以品酒，非常值得推荐！,2026-09-21 20:15:56,2
4feab02d0fa3c5f7,携程景点点评,web_crawl_bs4_plus_api,you.ctrip.com,龙谕酒庄,https://you.ctrip.com/sight/yinchuan239/1414597.html?renderPlatform=,匿名用户,50,,2026-08-10 15:42:00,0,来逛一逛，十来二十分钟就可以逛完，大部分是暂时产品和企业文化，最后品尝葡萄酒,2026-09-21 20:15:56,2
93b932facc0c1d08,携程景点点评,web_crawl_bs4_plus_api,you.ctrip.com,龙谕酒庄,https://you.ctrip.com/sight/yinchuan239/1414597.html?renderPlatform=,ssltotal,50,,2026-08-10 15:40:41,0,酒庄很漂亮，可以品尝，味道很不错，赞！,2026-09-21 20:15:56,2
63ace826364a686a,携程景点点评,web_crawl_bs4_plus_api,you.ctrip.com,龙谕酒庄,https://you.ctrip.com/sight/yinchuan239/1414597.html?renderPlatform=,匿名用户,50,,2026-08-10 14:11:39,1,品尝了葡萄酒，三种，有趣,2026-09-21 20:15:56,2
0671fabaed82788b,携程景点点评,web_crawl_bs4_plus_api,you.ctrip.com,龙谕酒庄,https://you.ctrip.com/sight/yinchuan239/1414597.html?renderPlatform=,YoYo_8S1G4D7M,50,,2026-08-10 14:09:10,0,非常值得，建筑是欧式风格，拍照出片，又了解酿酒过程，挺有趣,2026-09-21 20:15:56,2
a9c272ce7289b0ed,携程景点点评,web_crawl_bs4_plus_api,you.ctrip.com,龙谕酒庄,https://you.ctrip.com/sight/yinchuan239/1414597.html?renderPlatform=,匿名用户,30,,2026-08-09 17:56:20,0,一般吧，价格对半差不多，不值这个价,2026-09-21 20:15:56,2
509fc6d957c8e331,携程景点点评,web_crawl_bs4_plus_api,you.ctrip.com,龙谕酒庄,https://you.ctrip.com/sight/yinchuan239/1414597.html?renderPlatform=,YoYo_9T5Y4W3S,50,,2026-08-05 02:07:24,0,"特意打卡贺兰山东麓标杆酒庄张裕龙谕，拜占庭风格城堡气势拉满，背靠贺兰山，门前水景倒映蓝天白云，千亩葡萄园一望无际，随手一拍都是油画感大片，拍照出片率直接拉满。
 
入园后完全不用自己瞎逛，讲解员从葡萄种植风土、酿造工艺到品牌历史娓娓道来，知识点满满，全程耐心答疑。80元门票性价比很高，包含多款酒品，工作人员会进行细致的品酒教学。
 
园区各处都有在岗工作人员，问路、咨询品鉴流程都响应迅速，服务热情有礼，游览动线规划合理，城堡馆藏、地下酒窖、葡园观景台分段游览，节奏舒适不赶。
 
无论是亲子出游、闺蜜拍照还是葡萄酒爱好者打卡都十分合适，贺兰山脚下沉浸式感受西北葡萄酒文化，氛围感绝佳，已经推荐给身边朋友，下次还会再来！",2026-09-21 20:15:56,2
76f313cd74edd3ba,携程景点点评,web_crawl_bs4_plus_api,you.ctrip.com,龙谕酒庄,https://you.ctrip.com/sight/yinchuan239/1414597.html?renderPlatform=,edithsfw,50,,2026-08-02 16:27:38,1,历史悠久，国际化规模，好酒。,2026-09-21 20:15:56,2
ad05506e980fb68c,携程景点点评,web_crawl_bs4_plus_api,you.ctrip.com,龙谕酒庄,https://you.ctrip.com/sight/yinchuan239/1414597.html?renderPlatform=,YoYo_8V5H7M0D,50,,2026-07-30 15:47:45,0,酒庄欧式风格，装修大气，不错,2026-09-21 20:15:56,2
cd2c2a8ab5ed4be4,携程景点点评,web_crawl_bs4_plus_api,you.ctrip.com,龙谕酒庄,https://you.ctrip.com/sight/yinchuan239/1414597.html?renderPlatform=,YoYo_2Y9P3V6D,50,,2026-07-27 10:48:22,0,龙谕12 喝起来甘醇厚重，很好,2026-09-21 20:15:56,2
35a473f2f9f1b979,携程景点点评,web_crawl_bs4_plus_api,you.ctrip.com,龙谕酒庄,https://you.ctrip.com/sight/yinchuan239/1414597.html?renderPlatform=,YoYo_1F1A2G3X,50,,2026-07-26 12:51:05,0,解说很专业，服务很周到，拍照出片,2026-09-21 20:15:56,2
31a63cc323130e02,携程景点点评,web_crawl_bs4_plus_api,you.ctrip.com,龙谕酒庄,https://you.ctrip.com/sight/yinchuan239/1414597.html?renderPlatform=,YoYo_4V9W2A6P,50,,2026-07-23 11:49:53,0,去龙谕葡萄酒庄园逛了圈，园区绿化做得好空气清新不闷热，导游讲酿造工艺挺详细，试饮的几款酒果香明显不涩口，整体参观舒服轻松,2026-09-21 20:15:56,2
080784b94ba113f5,携程景点点评,web_crawl_bs4_plus_api,you.ctrip.com,龙谕酒庄,https://you.ctrip.com/sight/yinchuan239/1414597.html?renderPlatform=,YoYo_3M4V9W8V,50,,2026-07-19 14:37:05,0,建筑风格很特别，博物馆内容丰富，酒很不错。,2026-09-21 20:15:56,2
54037a230d018934,携程景点点评,web_crawl_bs4_plus_api,you.ctrip.com,龙谕酒庄,https://you.ctrip.com/sight/yinchuan239/1414597.html?renderPlatform=,YoYo_9U9K2N9Z,50,,2026-07-18 15:54:36,0,景色:挺好，优美建筑有个性。酒也不错，下次还回来。。。,2026-09-21 20:15:56,2
6ba8941f63281fd9,携程景点点评,web_crawl_bs4_plus_api,you.ctrip.com,龙谕酒庄,https://you.ctrip.com/sight/yinchuan239/1414597.html?renderPlatform=,YoYo_4W8E7S9H,50,,2026-07-18 14:40:00,0,"景色:非常优美

趣味:法式风情
性价比:情绪体验感",2026-09-21 20:15:56,2
9c7f1650724782df,携程景点点评,web_crawl_bs4_plus_api,you.ctrip.com,龙谕酒庄,https://you.ctrip.com/sight/yinchuan239/1414597.html?renderPlatform=,YoYo_0Z2O3J1U,50,,2026-07-16 17:45:02,1,"这次打卡张裕龙谕酒庄整体体验拉满，必须五星好评！
先说景色：拜占庭风格城堡大气恢弘，门前水景搭配千亩葡萄园，背靠贺兰山，蓝天白云下氛围感十足，随便拍照都是大片，环境静谧雅致，一步一景十分出片 。
再夸讲解：讲解员专业度很高，从酒庄8亿建设背景、“龙谕”品牌寓意，到葡萄种植、酿造工艺、地下酒窖藏酒文化都讲解得清晰生动，知识点通俗易懂，还会主动解答我们的各类疑问，全程节奏舒服不枯燥，涨了很多葡萄酒知识。
最后点赞服务：从进门接待、引导参观，所有工作人员态度温和有礼貌，流程安排合理顺畅，接待细致贴心。",2026-09-21 20:15:56,2
ede42bda5c18db20,携程景点点评,web_crawl_bs4_plus_api,you.ctrip.com,龙谕酒庄,https://you.ctrip.com/sight/yinchuan239/1414597.html?renderPlatform=,匿名用户,30,,2026-06-03 12:51:48,1,不买酒可没必要去,2026-09-21 20:15:56,2
df43bb409834315f,携程景点点评,web_crawl_bs4_plus_api,you.ctrip.com,龙谕酒庄,https://you.ctrip.com/sight/yinchuan239/1414597.html?renderPlatform=,向日葵🌻01,50,,2026-06-02 17:20:49,0,酒庄宏伟大气，景色怡人，美酒，美景，美好生活，全球酒王值得期待,2026-09-21 20:15:56,2
62350f01030e7ed9,携程景点点评,web_crawl_bs4_plus_api,you.ctrip.com,龙谕酒庄,https://you.ctrip.com/sight/yinchuan239/1414597.html?renderPlatform=,香初上舞v,50,,2026-05-20 15:43:24,0,酒庄欧式风格，还可以品酒,2026-09-21 20:15:56,2
1bd01fec8a8727ae,携程景点点评,web_crawl_bs4_plus_api,you.ctrip.com,龙谕酒庄,https://you.ctrip.com/sight/yinchuan239/1414597.html?renderPlatform=,罗浮山下四季春,50,,2026-05-11 18:14:56,0,服务太态好，还有小礼物，可以,2026-09-21 20:15:56,2
5fdb6358a7c77411,携程景点点评,web_crawl_bs4_plus_api,you.ctrip.com,龙谕酒庄,https://you.ctrip.com/sight/yinchuan239/1414597.html?renderPlatform=,匿名用户,30,,2026-03-26 17:30:10,0,重在体验吧，没去过酒庄，带孩子体验一下。,2026-09-21 20:15:56,2
46f8c5620816b273,携程景点点评,web_crawl_bs4_plus_api,you.ctrip.com,龙谕酒庄,https://you.ctrip.com/sight/yinchuan239/1414597.html?renderPlatform=,哥是老大,50,,2026-03-23 12:32:17,0,特别的漂亮！就在我们单位附近！有时间去看看！！！,2026-09-21 20:15:56,2
0b9f73217d53685f,携程景点点评,web_crawl_bs4_plus_api,you.ctrip.com,龙谕酒庄,https://you.ctrip.com/sight/yinchuan239/1414597.html?renderPlatform=,YoYo_7W3L9M4T,50,,2026-01-16 16:07:47,0,想了解张裕葡萄酒，值得过来游逛，欧式建筑，藏酒区，品酒区都能体验到，挺特别的。,2026-09-21 20:15:56,3
2997669d531af178,携程景点点评,web_crawl_bs4_plus_api,you.ctrip.com,龙谕酒庄,https://you.ctrip.com/sight/yinchuan239/1414597.html?renderPlatform=,YoYo_3Z7M3X5P,50,,2026-01-09 11:31:08,0,偏欧式的，特别适合拍照打卡，葡萄酒口感很好，香气很足，一次比较不错的体验！推荐,2026-09-21 20:15:56,3
e9f53f416f7a8a13,携程景点点评,web_crawl_bs4_plus_api,you.ctrip.com,龙谕酒庄,https://you.ctrip.com/sight/yinchuan239/1414597.html?renderPlatform=,YoYo_1N8G2V5Y,50,,2026-01-08 15:52:08,0,很好的酒庄！！！非常好！推荐，棒棒棒棒棒棒棒,2026-09-21 20:15:56,3
b11e2a53f2716734,携程景点点评,web_crawl_bs4_plus_api,you.ctrip.com,龙谕酒庄,https://you.ctrip.com/sight/yinchuan239/1414597.html?renderPlatform=,YoYo_0R1O5N6V,50,,2026-01-08 15:52:07,0,红酒好喝之，风景也好，拍照出片之,2026-09-21 20:15:56,3
4857de415eb73181,携程景点点评,web_crawl_bs4_plus_api,you.ctrip.com,龙谕酒庄,https://you.ctrip.com/sight/yinchuan239/1414597.html?renderPlatform=,YoYo_4U0E8Y7L,50,,2026-01-08 15:50:21,0,一个美丽的酒庄，有高端的国产技术酒水。文化传承更多。,2026-09-21 20:15:56,3
e1513229906ca682,携程景点点评,web_crawl_bs4_plus_api,you.ctrip.com,龙谕酒庄,https://you.ctrip.com/sight/yinchuan239/1414597.html?renderPlatform=,YoYo_5S4E3Q8F,50,,2026-01-08 15:43:41,0,非常有意思的酒庄 服务态度好 价格合适,2026-09-21 20:15:56,3
4fe9ee709e52675b,携程景点点评,web_crawl_bs4_plus_api,you.ctrip.com,龙谕酒庄,https://you.ctrip.com/sight/yinchuan239/1414597.html?renderPlatform=,wush怡,50,,2026-01-05 15:28:51,0,酒可以邮寄，太好了,2026-09-21 20:15:56,3
5e6c617e5fb00463,携程景点点评,web_crawl_bs4_plus_api,you.ctrip.com,龙谕酒庄,https://you.ctrip.com/sight/yinchuan239/1414597.html?renderPlatform=,Bonnieli80,50,,2025-12-21 09:57:02,0,"酒好喝
景色:5
趣味:5
性价比:5",2026-09-21 20:15:56,3
5ef595eba9b1cbb3,携程景点点评,web_crawl_bs4_plus_api,you.ctrip.com,龙谕酒庄,https://you.ctrip.com/sight/yinchuan239/1414597.html?renderPlatform=,YoYo_4Q0A3Q0T,50,,2025-12-19 15:24:43,0,第一次尝试龙谕就被彻底征服！酒体饱满平衡，香气复杂迷人，回味悠长而有力。无论是独自细品还是朋友分享，都能瞬间提升愉悦感。不愧是中国葡萄酒的标杆，品质完全不输国际名庄！,2026-09-21 20:15:56,3
cfa1eba43798a420,携程景点点评,web_crawl_bs4_plus_api,you.ctrip.com,龙谕酒庄,https://you.ctrip.com/sight/yinchuan239/1414597.html?renderPlatform=,会飞的风火轮,50,,2025-12-19 11:02:30,0,景色很好，拍照非常出片，酒香也很浓郁，而且工作人员服务很好，不明白的都细心解答，赞,2026-09-21 20:15:56,3
e356871e35e87690,携程景点点评,web_crawl_bs4_plus_api,you.ctrip.com,龙谕酒庄,https://you.ctrip.com/sight/yinchuan239/1414597.html?renderPlatform=,YoYo_9A6Q7H0R,50,,2025-12-19 10:49:16,0,"贺兰山下的龙谕酒庄，绝对是宁夏旅行的宝藏打卡地！随手一拍都是欧式大片，恍惚间像穿越到了欧洲庄园。
   全程体验超惊喜！专业讲解员带我们逛遍酒庄，从地下酒窖里一排排陈酿橡木桶，再到二层葡萄酒博物馆里的百年文化，再到，空气中满是浓郁酒香，连出生年份酒打卡都仪式感满满。
  门票里包含的品鉴和伴手礼超划算，真心推荐给每一位去银川的朋友！",2026-09-21 20:15:56,3
acdd75cc9a58be93,携程景点点评,web_crawl_bs4_plus_api,you.ctrip.com,龙谕酒庄,https://you.ctrip.com/sight/yinchuan239/1414597.html?renderPlatform=,YoYo_9C7D5B5U,50,,2025-12-19 10:29:46,0,酒庄很有特色，跟朋友来体验了一下宁夏的葡萄酒，确实不一样，推荐打卡👍🏻,2026-09-21 20:15:56,3
6da8c323b46e251c,携程景点点评,web_crawl_bs4_plus_api,you.ctrip.com,龙谕酒庄,https://you.ctrip.com/sight/yinchuan239/1414597.html?renderPlatform=,YoYo_0I2G3F4C,50,,2025-12-19 10:19:57,0,冬天应该是淡季，人不多，可以好好的了解葡萄酒文化，底蕴丰富，推荐大家来这里了解真正的宁夏葡萄酒,2026-09-21 20:15:56,3
b956d21dcb8015f8,携程景点点评,web_crawl_bs4_plus_api,you.ctrip.com,龙谕酒庄,https://you.ctrip.com/sight/yinchuan239/1414597.html?renderPlatform=,YoYo_6B0C3H8H,30,,2025-11-05 13:18:32,0,已经变婚纱摄影基地了 为了出片可以去 为了试酒大可不必,2026-09-21 20:15:56,3
5c16d5c6541526a2,携程景点点评,web_crawl_bs4_plus_api,you.ctrip.com,龙谕酒庄,https://you.ctrip.com/sight/yinchuan239/1414597.html?renderPlatform=,塞尼加利亚庞涓,50,,2025-10-17 16:00:05,0,很好，服务很好,2026-09-21 20:15:56,3
8e24ed8e4ce88deb,携程景点点评,web_crawl_bs4_plus_api,you.ctrip.com,龙谕酒庄,https://you.ctrip.com/sight/yinchuan239/1414597.html?renderPlatform=,YoYo_1T8O2I4K,50,,2025-10-17 10:44:25,1,酒不错，性价比高，欢迎大家来品尝,2026-09-21 20:15:56,3
7820b26c63a327a8,携程景点点评,web_crawl_bs4_plus_api,you.ctrip.com,龙谕酒庄,https://you.ctrip.com/sight/yinchuan239/1414597.html?renderPlatform=,YoYo_1B3U8P6T,50,,2025-10-16 15:35:08,0,酒庄漂亮，酒也好喝。来逛逛拍照很出片。,2026-09-21 20:15:56,3
edef263031b5d3d1,携程景点点评,web_crawl_bs4_plus_api,you.ctrip.com,龙谕酒庄,https://you.ctrip.com/sight/yinchuan239/1414597.html?renderPlatform=,YoYo_2L1C8G5G,50,,2025-10-12 16:06:10,0,"以下是一些来自普通消费者和大众层面的对龙谕酒庄的点评：

• 酒的品质与口感：许多消费者认为龙谕酒庄的葡萄酒品质卓越，是国产葡萄酒中的佼佼者，不输于一些进口品牌。比如龙谕龙12赤霞珠干红，其香气复杂持久，入口醇厚甜美，单宁成熟细腻，回味悠长￼￼￼。也有消费者评价龙谕的赤霞珠干红香气、口感浓郁，比贺兰山东麓产区的其他大部分赤霞珠质量要高。还有人提到龙谕葡萄酒的胡椒和香草香气浓郁，与辛辣的中餐很搭，木桶香气也很浓郁，果香圆润，酒体细腻厚重。

• 价格方面：部分消费者觉得龙谕酒庄的葡萄酒价格偏高。例如有消费者认为龙谕赤霞珠干红虽然品质不错，但价格有一丢丢贵。还有人指出龙谕在获得“世界酒王之王”后，担心其会借此涨价，影响消费者的购买意愿。

• 旅游体验：龙谕酒庄的建筑极具特色，外观是欧式城堡，旁边还有水系环绕和大片的葡萄种植园，被消费者称为拍照打卡的胜地。有游客分享，酒庄门票80元，进入后可以在一楼品鉴区免费品尝不同工艺的葡萄酒，还能看到葡萄酒生产线的运作过程。",2026-09-21 20:15:56,3
b4ac0e19396bcc6a,携程景点点评,web_crawl_bs4_plus_api,you.ctrip.com,龙谕酒庄,https://you.ctrip.com/sight/yinchuan239/1414597.html?renderPlatform=,爱旅游帅帅哒,50,,2025-10-12 16:05:51,3,"景色:5.0
趣味:5.0
性价比:5.0",2026-09-21 20:15:56,3
0057923460dc07d2,携程景点点评,web_crawl_bs4_plus_api,you.ctrip.com,龙谕酒庄,https://you.ctrip.com/sight/yinchuan239/1414597.html?renderPlatform=,YoYo_8I4C6B0B,50,,2025-10-12 14:42:47,0,"景色:5.0
趣味:5.0
性价比:5.0",2026-09-21 20:15:56,3
a108ec77eb260de5,携程景点点评,web_crawl_bs4_plus_api,you.ctrip.com,龙谕酒庄,https://you.ctrip.com/sight/yinchuan239/1414597.html?renderPlatform=,常婉伊,50,,2025-10-12 14:22:58,0,拍照好看，可以品尝到龙谕酒款，推荐大家来玩,2026-09-21 20:15:56,3
9611760234ecdb95,携程景点点评,web_crawl_bs4_plus_api,you.ctrip.com,龙谕酒庄,https://you.ctrip.com/sight/yinchuan239/1414597.html?renderPlatform=,匿名用户,40,,2025-10-11 13:55:18,0,"风景优美,我们还可以尝试2种酒,很多人在这里也做他们的婚前拍照。总体来说是游览的好地方",2026-09-21 20:15:56,3
27dff4ac73caaa42,携程景点点评,web_crawl_bs4_plus_api,you.ctrip.com,龙谕酒庄,https://you.ctrip.com/sight/yinchuan239/1414597.html?renderPlatform=,YoYo_6S5T1Z9J,50,,2025-10-08 10:13:52,0,酒庄很大很漂亮，爱拍照的人可以来打卡，可以品鉴到高端酒款，很不错，红葡萄酒很好喝,2026-09-21 20:15:56,3
084147afe9161b81,携程景点点评,web_crawl_bs4_plus_api,you.ctrip.com,龙谕酒庄,https://you.ctrip.com/sight/yinchuan239/1414597.html?renderPlatform=,YoYo_7Q2H0R0K,50,,2025-10-07 10:59:22,0,酒庄法式风格，整体风格大气庄严，有档次。票包含饮白葡萄酒和红酒，赠1瓶小酒。可带飞机。,2026-09-21 20:15:56,3
6400f772a80125a5,携程景点点评,web_crawl_bs4_plus_api,you.ctrip.com,龙谕酒庄,https://you.ctrip.com/sight/yinchuan239/1414597.html?renderPlatform=,YoYo_9F4T6H8G,50,,2025-10-07 06:34:06,0,雄伟壮观的酒庄建筑，不错的体验,2026-09-21 20:15:56,3
83b81d76872d4b98,携程景点点评,web_crawl_bs4_plus_api,you.ctrip.com,龙谕酒庄,https://you.ctrip.com/sight/yinchuan239/1414597.html?renderPlatform=,YoYo_7X4F9O4U,50,,2025-10-05 13:05:44,0,"景色:5.0
趣味:5.0
性价比:5.0",2026-09-21 20:15:56,3
6f0be30119632a56,携程景点点评,web_crawl_bs4_plus_api,you.ctrip.com,龙谕酒庄,https://you.ctrip.com/sight/yinchuan239/1414597.html?renderPlatform=,YoYo_3N2A2I0D,50,,2025-10-04 16:12:33,0,非常有传统的酒庄，国庆期间也不是很拥挤，可以慢慢逛。,2026-09-21 20:15:56,3
31c1ffe1934c1e02,携程景点点评,web_crawl_bs4_plus_api,you.ctrip.com,龙谕酒庄,https://you.ctrip.com/sight/yinchuan239/1414597.html?renderPlatform=,YoYo_0J3T5G0V,50,,2025-10-04 14:51:21,0,龙瑜酒庄的酒味道非常美味😋，酒庄也很有特色,2026-09-21 20:15:56,3
e649dc8159c359a0,携程景点点评,web_crawl_bs4_plus_api,you.ctrip.com,龙谕酒庄,https://you.ctrip.com/sight/yinchuan239/1414597.html?renderPlatform=,YoYo_2F8G6T1A,50,,2025-10-04 14:35:54,0,"景色:5 .0

趣味:5.0
性价比:5.0",2026-09-21 20:15:56,3
6b6999585fa366dc,携程景点点评,web_crawl_bs4_plus_api,you.ctrip.com,龙谕酒庄,https://you.ctrip.com/sight/yinchuan239/1414597.html?renderPlatform=,YoYo_4J2Y0H6B,50,,2025-10-04 13:55:27,0,龙谕口感醇甘，美味，赤霞珠清香可口。值得品尝！,2026-09-21 20:15:56,3
c26fa7ba78dadf61,携程景点点评,web_crawl_bs4_plus_api,you.ctrip.com,龙谕酒庄,https://you.ctrip.com/sight/yinchuan239/1414597.html?renderPlatform=,YoYo_6Y2W8F0B,50,,2025-10-04 11:31:36,0,酒香浓郁，不错！,2026-09-21 20:15:56,3
b96c9cb6dc1e8127,携程景点点评,web_crawl_bs4_plus_api,you.ctrip.com,龙谕酒庄,https://you.ctrip.com/sight/yinchuan239/1414597.html?renderPlatform=,YoYo_0U9Z1R5X,50,,2025-10-04 11:17:17,0,小卢、小何小姐姐讲解很专业，服务很好～,2026-09-21 20:15:56,3
03a81e1625f940ba,携程景点点评,web_crawl_bs4_plus_api,you.ctrip.com,龙谕酒庄,https://you.ctrip.com/sight/yinchuan239/1414597.html?renderPlatform=,CCaddy,50,,2025-10-04 09:30:53,0,景色:很不错 交通便利 值得推,2026-09-21 20:15:56,3
25ba92e5e284733b,携程景点点评,web_crawl_bs4_plus_api,you.ctrip.com,龙谕酒庄,https://you.ctrip.com/sight/yinchuan239/1414597.html?renderPlatform=,YoYo_4O3C7T3C,50,,2025-10-04 09:29:34,0,酒庄很美 葡萄酒很美味 下次还来 交通方便推荐大家来玩,2026-09-21 20:15:56,3
6d5927b16a10c0f7,携程景点点评,web_crawl_bs4_plus_api,you.ctrip.com,龙谕酒庄,https://you.ctrip.com/sight/yinchuan239/1414597.html?renderPlatform=,YoYo_7T9S1F5C,50,,2025-10-03 18:18:32,0,张裕在宁夏的酒庄，可以喝2款酒，可以拍美美的照片，很值哦。,2026-09-21 20:15:56,3
75a1c6f942c3c8cf,携程景点点评,web_crawl_bs4_plus_api,you.ctrip.com,龙谕酒庄,https://you.ctrip.com/sight/yinchuan239/1414597.html?renderPlatform=,YoYo_9Q4M5Q4T,50,,2025-10-03 17:31:11,0,景观美丽，建筑好看，服务很好，酒业也不错，下次还来,2026-09-21 20:15:56,3
01188aebcbefa180,携程景点点评,web_crawl_bs4_plus_api,you.ctrip.com,龙谕酒庄,https://you.ctrip.com/sight/yinchuan239/1414597.html?renderPlatform=,YoYo_7M0V1H2Q,50,,2025-10-03 17:29:41,0,"非常大，景色非常宜人下次还来",2026-09-21 20:15:56,3
93aaeb763b36d65d,携程景点点评,web_crawl_bs4_plus_api,you.ctrip.com,龙谕酒庄,https://you.ctrip.com/sight/yinchuan239/1414597.html?renderPlatform=,醉舞沁雪,50,,2025-10-03 16:40:18,0,品誉选择，环境优美。,2026-09-21 20:15:56,3
f85c420fa7c756a0,携程景点点评,web_crawl_bs4_plus_api,you.ctrip.com,龙谕酒庄,https://you.ctrip.com/sight/yinchuan239/1414597.html?renderPlatform=,YoYo_0V7E2A7S,50,,2025-10-03 15:12:09,0,非常美丽，效果不错值得推荐！可以参观,2026-09-21 20:15:56,3
c4f9c36b3730b79f,携程景点点评,web_crawl_bs4_plus_api,you.ctrip.com,龙谕酒庄,https://you.ctrip.com/sight/yinchuan239/1414597.html?renderPlatform=,dyq12345678,50,,2025-10-03 15:12:03,0,挺好的挺不错哦也，下次再来玩。,2026-09-21 20:15:56,3
225b047a040a7444,携程景点点评,web_crawl_bs4_plus_api,you.ctrip.com,龙谕酒庄,https://you.ctrip.com/sight/yinchuan239/1414597.html?renderPlatform=,YoYo_7E7L4U5K,50,,2025-10-03 15:10:51,0,来过了就好了啊我的天啊我的老天爷我的天,2026-09-21 20:15:56,3
6573746fbd9b8e92,携程景点点评,web_crawl_bs4_plus_api,you.ctrip.com,龙谕酒庄,https://you.ctrip.com/sight/yinchuan239/1414597.html?renderPlatform=,YoYo_0T2J2Z1B,50,,2025-10-03 13:26:04,0,酒庄很有西式特色，拍照片很出片。可以品两种葡萄酒，￼送一小瓶￼ 100ml威士忌酒。品的葡萄酒品质低，送的威士忌偏甜,2026-09-21 20:15:56,3
21f98c340a407213,携程景点点评,web_crawl_bs4_plus_api,you.ctrip.com,龙谕酒庄,https://you.ctrip.com/sight/yinchuan239/1414597.html?renderPlatform=,去码头整点薯条,50,,2025-10-03 11:30:13,0,参观城堡，了解红酒文化，品国宴级美酒！,2026-09-21 20:15:56,3
8401aed55ccac6c4,携程景点点评,web_crawl_bs4_plus_api,you.ctrip.com,龙谕酒庄,https://you.ctrip.com/sight/yinchuan239/1414597.html?renderPlatform=,YoYo_5R0K9M0F,50,,2025-10-03 11:22:48,0,第一次参观酒庄，很不错！推荐过来！,2026-09-21 20:15:56,3
8e9c770e5a8455da,携程景点点评,web_crawl_bs4_plus_api,you.ctrip.com,龙谕酒庄,https://you.ctrip.com/sight/yinchuan239/1414597.html?renderPlatform=,YoYo_9Z1S1S9I,50,,2025-10-03 11:07:35,0,品了两款，不同的口感，相当赞！,2026-09-21 20:15:56,3
bbf3e0d67a96868a,携程景点点评,web_crawl_bs4_plus_api,you.ctrip.com,龙谕酒庄,https://you.ctrip.com/sight/yinchuan239/1414597.html?renderPlatform=,大眼睛丽丽1005,50,,2025-10-03 11:06:54,0,环境优美，建筑风格独特，品鉴不同红酒，体验与白酒的不同，赞,2026-09-21 20:15:56,3
b28d73755742f3c3,携程景点点评,web_crawl_bs4_plus_api,you.ctrip.com,龙谕酒庄,https://you.ctrip.com/sight/yinchuan239/1414597.html?renderPlatform=,匿名用户,50,,2025-10-02 18:14:06,0,酒庄很好，高端大气，接待员态度好，讲解很细心，品酒也确实口感很好！推荐！,2026-09-21 20:15:56,3
f1edda3558f2c177,携程景点点评,web_crawl_bs4_plus_api,you.ctrip.com,龙谕酒庄,https://you.ctrip.com/sight/yinchuan239/1414597.html?renderPlatform=,YoYo_9O9I9D2U,50,,2025-10-02 17:43:18,0,龙谕酒庄在宁夏贺兰山东麓，那可是业界公认的种植酿酒葡萄和生产高端葡萄酒的黄金地带。一到酒庄，就能看到城堡式建筑，大气又有格调，让人一下就感受到了酒庄的专业和底蕴。,2026-09-21 20:15:56,3
d200a55b17e57666,携程景点点评,web_crawl_bs4_plus_api,you.ctrip.com,龙谕酒庄,https://you.ctrip.com/sight/yinchuan239/1414597.html?renderPlatform=,YoYo_6X4P7G6P,50,,2025-10-02 17:30:10,0,"景色:5.0
趣味:5.0
性价比:5.0",2026-09-21 20:15:56,3
55ef129f1cd25332,携程景点点评,web_crawl_bs4_plus_api,you.ctrip.com,龙谕酒庄,https://you.ctrip.com/sight/yinchuan239/1414597.html?renderPlatform=,YoYo_1T8X7I0I,50,,2025-10-02 17:29:04,0,升级好评，可以喝龙谕干红，好喝不错，服务超棒,2026-09-21 20:15:56,3
f4e3550bf521c577,携程景点点评,web_crawl_bs4_plus_api,you.ctrip.com,龙谕酒庄,https://you.ctrip.com/sight/yinchuan239/1414597.html?renderPlatform=,YoYo_7P8O2J8L,50,,2025-10-02 17:03:41,0,环境好，酒香，值得参观，拍照出片,2026-09-21 20:15:56,4
de977167f16d45b9,携程景点点评,web_crawl_bs4_plus_api,you.ctrip.com,龙谕酒庄,https://you.ctrip.com/sight/yinchuan239/1414597.html?renderPlatform=,YoYo_8V6I0Z1D,50,,2025-10-02 16:40:04,0,服务特别好，风景优美，味道好，推荐大家都来品尝，价格合适,2026-09-21 20:15:56,4
afae51e04ea28ca2,携程景点点评,web_crawl_bs4_plus_api,you.ctrip.com,龙谕酒庄,https://you.ctrip.com/sight/yinchuan239/1414597.html?renderPlatform=,YoYo_6T9T4C6X,50,,2025-10-02 16:26:40,0,"景色:非常的好看性价比:超级高，还可以品尝两款葡萄酒，服务非常的好趣味:非常有趣味",2026-09-21 20:15:56,4
9cfcd5b150dfb620,携程景点点评,web_crawl_bs4_plus_api,you.ctrip.com,龙谕酒庄,https://you.ctrip.com/sight/yinchuan239/1414597.html?renderPlatform=,YoYo_2Z9B9A8N,50,,2025-10-02 15:10:51,0,非常好玩，拍照非常出片，推荐大家国庆节都来玩,2026-09-21 20:15:56,4
a97a2803e85ce5de,携程景点点评,web_crawl_bs4_plus_api,you.ctrip.com,龙谕酒庄,https://you.ctrip.com/sight/yinchuan239/1414597.html?renderPlatform=,YoYo_6B4S7R9E,40,,2025-10-02 14:28:32,0,拍照好看，出片很好，酒庄的服务很好,2026-09-21 20:15:56,4
d854b478cb878f01,携程景点点评,web_crawl_bs4_plus_api,you.ctrip.com,龙谕酒庄,https://you.ctrip.com/sight/yinchuan239/1414597.html?renderPlatform=,YoYo_2S2C7U1S,50,,2025-10-02 11:57:07,0,推荐大家可以来玩，升级品酒可以尝到高端干红,2026-09-21 20:15:56,4
bdbf08d6d5a60f40,携程景点点评,web_crawl_bs4_plus_api,you.ctrip.com,龙谕酒庄,https://you.ctrip.com/sight/yinchuan239/1414597.html?renderPlatform=,YoYo_1V7A1G8J,50,,2025-10-02 11:00:46,0,环境优美，酒品质优良，服务周到,2026-09-21 20:15:56,4
185a25ac2f20a596,携程景点点评,web_crawl_bs4_plus_api,you.ctrip.com,龙谕酒庄,https://you.ctrip.com/sight/yinchuan239/1414597.html?renderPlatform=,YoYo_3V6A7T1Y,50,,2025-10-02 11:00:35,0,入口丝滑，回味甘甜。飘香四溢，一次不错的品酒体验。,2026-09-21 20:15:56,4
074a021102e408b3,携程景点点评,web_crawl_bs4_plus_api,you.ctrip.com,龙谕酒庄,https://you.ctrip.com/sight/yinchuan239/1414597.html?renderPlatform=,YoYo_9D4I7N5D,50,,2025-10-02 10:59:51,0,环境非常棒，可以品酒，口感很好,2026-09-21 20:15:56,4
365554e922396450,携程景点点评,web_crawl_bs4_plus_api,you.ctrip.com,龙谕酒庄,https://you.ctrip.com/sight/yinchuan239/1414597.html?renderPlatform=,The mind is like still water,50,,2025-10-01 15:24:27,0,酒庄很好，历史底蕴丰厚,2026-09-21 20:15:56,4
7e3aa280d18bcccd,携程景点点评,web_crawl_bs4_plus_api,you.ctrip.com,龙谕酒庄,https://you.ctrip.com/sight/yinchuan239/1414597.html?renderPlatform=,YoYo_1G1N0E6Q,50,,2025-10-01 14:41:15,0,酒庄很漂亮，很大气，可以品尝四款酒，其中有旗舰款龙12，口感浓郁，香气丰富，不错,2026-09-21 20:15:56,4
076c448827521707,携程景点点评,web_crawl_bs4_plus_api,you.ctrip.com,龙谕酒庄,https://you.ctrip.com/sight/yinchuan239/1414597.html?renderPlatform=,供暖供热舒适系统 德国威能张瑞,50,,2025-10-01 11:16:58,0,"最好的葡萄酒出在宁夏！
龙谕酒庄出片",2026-09-21 20:15:56,4
8ce6f45931873658,携程景点点评,web_crawl_bs4_plus_api,you.ctrip.com,龙谕酒庄,https://you.ctrip.com/sight/yinchuan239/1414597.html?renderPlatform=,YoYo_3T0A3A1Q,50,,2025-10-01 09:58:01,0,参观完龙谕酒庄就准备离开银川啦，龙谕算是张裕的高端品牌，酒庄占地面积很大，欧式的建筑被葡萄园包围，很壮观酒业不错。,2026-09-21 20:15:56,4
e2f4335ef0860869,携程景点点评,web_crawl_bs4_plus_api,you.ctrip.com,龙谕酒庄,https://you.ctrip.com/sight/yinchuan239/1414597.html?renderPlatform=,YoYo_6T7S7N1Q,50,,2025-09-28 16:24:43,0,很好，服务态度好 酒也很不错,2026-09-21 20:15:56,4
ad1bd1613fb7dff5,携程景点点评,web_crawl_bs4_plus_api,you.ctrip.com,龙谕酒庄,https://you.ctrip.com/sight/yinchuan239/1414597.html?renderPlatform=,我要环游全世界耶耶耶,50,,2025-09-27 11:21:41,0,酒庄环境优美幽雅，红葡萄酒很不错，好评！,2026-09-21 20:15:56,4
63394aee26c5d245,携程景点点评,web_crawl_bs4_plus_api,you.ctrip.com,龙谕酒庄,https://you.ctrip.com/sight/yinchuan239/1414597.html?renderPlatform=,YoYo_3P5C7D1N,50,,2025-09-20 15:47:10,0,超级棒 接待超热情 品酒过程中还有小姐姐细心的讲解,2026-09-21 20:15:56,4
116570ba658c4edd,携程景点点评,web_crawl_bs4_plus_api,you.ctrip.com,龙谕酒庄,https://you.ctrip.com/sight/yinchuan239/1414597.html?renderPlatform=,YoYo_4K5U3O0T,50,,2025-09-20 14:17:46,0,景色优美  适合打卡拍照   还可以品酒  有趣,2026-09-21 20:15:56,4
5f3c9303c73a488f,携程景点点评,web_crawl_bs4_plus_api,you.ctrip.com,龙谕酒庄,https://you.ctrip.com/sight/yinchuan239/1414597.html?renderPlatform=,YoYo_2O8R5I2P,50,,2025-09-20 12:44:05,0,环境不错，进来免费的饮酒！,2026-09-21 20:15:56,4
26fb2841246888ad,携程景点点评,web_crawl_bs4_plus_api,you.ctrip.com,龙谕酒庄,https://you.ctrip.com/sight/yinchuan239/1414597.html?renderPlatform=,懒兔仔,50,,2025-09-20 11:25:35,0,不虚此行。,2026-09-21 20:15:56,4
2682adc34b2c11cb,携程景点点评,web_crawl_bs4_plus_api,you.ctrip.com,龙谕酒庄,https://you.ctrip.com/sight/yinchuan239/1414597.html?renderPlatform=,YoYo_2I9C1T9M,50,,2025-09-20 10:16:25,0,龙谕酒庄风景优美，设施全面，景色宜人。,2026-09-21 20:15:56,4
719289804a4547b3,携程景点点评,web_crawl_bs4_plus_api,you.ctrip.com,龙谕酒庄,https://you.ctrip.com/sight/yinchuan239/1414597.html?renderPlatform=,YoYo_2W7M3R8A,50,,2025-09-20 10:15:50,0,好玩有意思，高级，喜欢下次还来👍🌚,2026-09-21 20:15:56,4
29940c519adf5d85,携程景点点评,web_crawl_bs4_plus_api,you.ctrip.com,龙谕酒庄,https://you.ctrip.com/sight/yinchuan239/1414597.html?renderPlatform=,YoYo_1Q1Z1C7U,50,,2025-09-20 10:15:49,0,很美丽的酒庄，特别好看，很适合参观，还能吃东西，城堡🏰类的特好,2026-09-21 20:15:56,4
1c32d4657d3a669f,携程景点点评,web_crawl_bs4_plus_api,you.ctrip.com,龙谕酒庄,https://you.ctrip.com/sight/yinchuan239/1414597.html?renderPlatform=,YoYo_9G6B4K6I,50,,2025-09-20 10:15:43,0,酒庄风景特别好 今天来这玩挺开心的,2026-09-21 20:15:56,4
b1f7b5ab55e3b04c,携程景点点评,web_crawl_bs4_plus_api,you.ctrip.com,龙谕酒庄,https://you.ctrip.com/sight/yinchuan239/1414597.html?renderPlatform=,YoYo_4T1C7M2L,50,,2025-09-20 10:15:42,0,"【景色】优美、很有复古感，吃的也很好吃😋
像公主的城堡",2026-09-21 20:15:56,4
aaf648f1007e68a4,携程景点点评,web_crawl_bs4_plus_api,you.ctrip.com,龙谕酒庄,https://you.ctrip.com/sight/yinchuan239/1414597.html?renderPlatform=,YoYo_3D6V9O4K,50,,2025-09-20 10:15:31,0,【性价比】非常好，很不错，风景很好 空气也很清新 值得推荐。,2026-09-21 20:15:56,4
116984743e4392ee,携程景点点评,web_crawl_bs4_plus_api,you.ctrip.com,龙谕酒庄,https://you.ctrip.com/sight/yinchuan239/1414597.html?renderPlatform=,YoYo_3E5P6R1O,50,,2025-09-20 10:15:13,0,太浪漫了，有复古气息，值得休闲时间好好来游玩一下,2026-09-21 20:15:56,4
1c5d18e5e46138bb,携程景点点评,web_crawl_bs4_plus_api,you.ctrip.com,龙谕酒庄,https://you.ctrip.com/sight/yinchuan239/1414597.html?renderPlatform=,YoYo_5U8B2D9L,50,,2025-09-18 15:03:03,0,环境很舒适 参观路线也很清晰 挺好,2026-09-21 20:15:56,4
433428cfd3418a6d,携程景点点评,web_crawl_bs4_plus_api,you.ctrip.com,龙谕酒庄,https://you.ctrip.com/sight/yinchuan239/1414597.html?renderPlatform=,YoYo_7E7V6I9B,50,,2025-09-17 10:38:01,0,龙渝12是好酒，价格合理，性价比高,2026-09-21 20:15:56,4
8c0858825d2e4ac6,携程景点点评,web_crawl_bs4_plus_api,you.ctrip.com,龙谕酒庄,https://you.ctrip.com/sight/yinchuan239/1414597.html?renderPlatform=,Zoltans,30,,2025-09-15 21:04:25,0,"总体来说有点奇怪,虽然最大的问题是没有认真的尝试让非中文的人可以访问。虽然说一点中文,但没读,所以给我一张相对奇怪的城堡路线地图只有中文不可避免地让我迷失了几次。博物馆的部分只有几个标题,而不是描述,所以即使我得到了事情的要点,它有点令人失望。对于品酒,他们给了20毫升或类似的,每杯,所以我在品酒时经历过的最小数量。他们还给了白葡萄酒温暖!他们也没有英文的葡萄酒描述,服务器刚在他的电话里翻译了中文...我没有机会发现他们的其他葡萄酒因此...",2026-09-21 20:15:56,4
3bc2b1bf6148aaea,携程景点点评,web_crawl_bs4_plus_api,you.ctrip.com,龙谕酒庄,https://you.ctrip.com/sight/yinchuan239/1414597.html?renderPlatform=,YoYo_0K7C4Q8N,50,,2025-09-14 13:53:13,0,庄园很好看，酒很正宗，不错不错不错,2026-09-21 20:15:56,4
f3b44dccb41115e2,携程景点点评,web_crawl_bs4_plus_api,you.ctrip.com,龙谕酒庄,https://you.ctrip.com/sight/yinchuan239/1414597.html?renderPlatform=,埃伯卡尼,50,,2025-09-13 16:57:16,0,打卡圣地，建筑风格独特，特别出片。,2026-09-21 20:15:56,4
66713413295e2946,携程景点点评,web_crawl_bs4_plus_api,you.ctrip.com,龙谕酒庄,https://you.ctrip.com/sight/yinchuan239/1414597.html?renderPlatform=,YoYo_3Z1A1U8L,40,,2025-09-04 10:37:07,0,酒庄内拍照很出片，80元门票含了3种葡萄酒的品酒，最后我们每家都买了至少一箱葡萄酒寄回家。相对于其他酒庄，这里关于葡萄酒酿酒工艺等体验少了些。,2026-09-21 20:15:56,4
208fa2080f96a0d2,携程景点点评,web_crawl_bs4_plus_api,you.ctrip.com,龙谕酒庄,https://you.ctrip.com/sight/yinchuan239/1414597.html?renderPlatform=,小小8439,50,,2025-09-03 09:31:00,1,【景色】很漂亮的欧式城堡酒庄👍,2026-09-21 20:15:56,4
ac29671cae6706af,携程景点点评,web_crawl_bs4_plus_api,you.ctrip.com,龙谕酒庄,https://you.ctrip.com/sight/yinchuan239/1414597.html?renderPlatform=,YoYo_4F5Z1K8N,50,,2025-08-24 15:22:16,0,环境不错，景色优美，可以来拍照打卡，很出片,2026-09-21 20:15:56,4
e798b15e08228350,携程景点点评,web_crawl_bs4_plus_api,you.ctrip.com,龙谕酒庄,https://you.ctrip.com/sight/yinchuan239/1414597.html?renderPlatform=,YoYo_8I1R9L2I,50,,2025-08-24 14:44:26,0,环境不错，景色优美，拍照很出片,2026-09-21 20:15:56,4
ef7e8a562519e0ad,携程景点点评,web_crawl_bs4_plus_api,you.ctrip.com,龙谕酒庄,https://you.ctrip.com/sight/yinchuan239/1414597.html?renderPlatform=,YoYo_2W0Q8G8L,50,,2025-08-24 14:38:27,1,景色优美，拍照很出片，喜欢葡萄酒文化的可以来,2026-09-21 20:15:56,4
a516767978cc727d,携程景点点评,web_crawl_bs4_plus_api,you.ctrip.com,龙谕酒庄,https://you.ctrip.com/sight/yinchuan239/1414597.html?renderPlatform=,YoYo_6L4K4A5P,50,,2025-08-24 13:30:57,0,酒庄景色很好，非常适合拍照，园区绿化很好，风景好,2026-09-21 20:15:56,4
4e6beb051ae4afed,携程景点点评,web_crawl_bs4_plus_api,you.ctrip.com,龙谕酒庄,https://you.ctrip.com/sight/yinchuan239/1414597.html?renderPlatform=,YoYo_9N6P3S6K,50,,2025-08-21 16:11:20,0,酒莊很大，環境不錯，喜歡葡萄酒文化的可以來體驗一下,2026-09-21 20:15:56,4
0bb5b8dd0a4ed38b,携程景点点评,web_crawl_bs4_plus_api,you.ctrip.com,龙谕酒庄,https://you.ctrip.com/sight/yinchuan239/1414597.html?renderPlatform=,YoYo_9O8Y0N5W,50,,2025-08-21 09:43:50,0,环境真不错，还是喜欢来这种游客不是很多的景区，很舒服，拍拍照品品酒，还不错的体验,2026-09-21 20:15:56,4
a9d8f7b1c27a6fae,携程景点点评,web_crawl_bs4_plus_api,you.ctrip.com,龙谕酒庄,https://you.ctrip.com/sight/yinchuan239/1414597.html?renderPlatform=,YoYo_7D2E2K1U,50,,2025-08-18 10:24:36,0,美丽的酒庄，大家快来看买，品美酒佳肴,2026-09-21 20:15:56,4
d323b17719857a2b,携程景点点评,web_crawl_bs4_plus_api,you.ctrip.com,龙谕酒庄,https://you.ctrip.com/sight/yinchuan239/1414597.html?renderPlatform=,YoYo_0R9W4Y7C,50,,2025-08-18 10:12:52,0,"景区美丽
【景色】㇏，大家去打卡.",2026-09-21 20:15:56,4
c40be16a4181e01b,携程景点点评,web_crawl_bs4_plus_api,you.ctrip.com,龙谕酒庄,https://you.ctrip.com/sight/yinchuan239/1414597.html?renderPlatform=,YoYo_5Z4L8K5F,50,,2025-08-18 10:08:32,0,这个酒庄拍照打卡非常出片，还有公主裙可以租，很不错,2026-09-21 20:15:56,4
e74fd81ae950ff94,携程景点点评,web_crawl_bs4_plus_api,you.ctrip.com,龙谕酒庄,https://you.ctrip.com/sight/yinchuan239/1414597.html?renderPlatform=,YoYo_3E9F1O6K,50,,2025-08-18 10:08:01,0,龙谕酒庄风景很好，园区里有很多葡萄园可以参观，酒窖温度很舒服，近距离接触橡木桶。,2026-09-21 20:15:56,4
99b8890779cfa29d,携程景点点评,web_crawl_bs4_plus_api,you.ctrip.com,龙谕酒庄,https://you.ctrip.com/sight/yinchuan239/1414597.html?renderPlatform=,YoYo_1V1F4K3L,50,,2025-08-18 10:05:10,0,旅游体验丰富 ：龙谕酒庄是国家4A级旅游景区，建筑风格独特，主楼为拜占庭风格，内有葡萄酒博物馆、灌装生产线、酒窖等，游客可参观体验葡萄酒文化，还能品尝美酒，享受特色餐饮，如国宴+红酒、烤全羊等。,2026-09-21 20:15:56,4
acb0e7aed2b3b953,携程景点点评,web_crawl_bs4_plus_api,you.ctrip.com,龙谕酒庄,https://you.ctrip.com/sight/yinchuan239/1414597.html?renderPlatform=,YoYo_5Q4O1T6P,50,,2025-08-18 10:04:33,0,"景色:优美

性价比:高
趣味:适合亲子游",2026-09-21 20:15:56,4
22eb7748d9446fb2,携程景点点评,web_crawl_bs4_plus_api,you.ctrip.com,龙谕酒庄,https://you.ctrip.com/sight/yinchuan239/1414597.html?renderPlatform=,YoYo_7E9V6Q9T,50,,2025-08-18 10:03:48,0,酒庄环境非常好 品尝的两款酒也都不错 品完还带走了两瓶回家慢慢喝,2026-09-21 20:15:56,4
ab158089992ff772,携程景点点评,web_crawl_bs4_plus_api,you.ctrip.com,龙谕酒庄,https://you.ctrip.com/sight/yinchuan239/1414597.html?renderPlatform=,YoYo_8B0S5L1V,50,,2025-08-18 10:03:17,0,龙灡酒店🏰，品味不凡，环境优雅，菜品精致，每一道都是视觉与味觉的双重享受！在这里用餐，不仅能感受到美食的魅力，还能体验到高级酒店的奢华服务。推荐给所有追求高品质生活的朋友们！快来打卡吧,2026-09-21 20:15:56,4
d5aa33942abe19ea,携程景点点评,web_crawl_bs4_plus_api,you.ctrip.com,龙谕酒庄,https://you.ctrip.com/sight/yinchuan239/1414597.html?renderPlatform=,YoYo_8I9S6Y0I,50,,2025-08-18 09:57:00,0,环境很好，景色宜人，酒庄建筑很大气，推荐来,2026-09-21 20:15:56,4
fbe0c9ee8566c3d5,携程景点点评,web_crawl_bs4_plus_api,you.ctrip.com,龙谕酒庄,https://you.ctrip.com/sight/yinchuan239/1414597.html?renderPlatform=,YoYo_4J1Z8O6O,50,,2025-08-18 09:56:17,0,酒庄景色很好，适合拍照，葡萄园里也可以参观。非常适合来体验。,2026-09-21 20:15:56,4
3182d029ea7ded1f,携程景点点评,web_crawl_bs4_plus_api,you.ctrip.com,龙谕酒庄,https://you.ctrip.com/sight/yinchuan239/1414597.html?renderPlatform=,YoYo_9T9G6N5X,50,,2025-08-17 13:47:11,0,"非常不错的地方
不管是景色还是葡萄酒的历史
非常棒",2026-09-21 20:15:56,4
e5a5839cde545e90,携程景点点评,web_crawl_bs4_plus_api,you.ctrip.com,龙谕酒庄,https://you.ctrip.com/sight/yinchuan239/1414597.html?renderPlatform=,YoYo_5F0C1E9F,50,,2025-08-17 11:04:32,0,进来参观，导游很专业，品尝的酒也很好喝！,2026-09-21 20:15:56,5
82b774e6b01fa73c,携程景点点评,web_crawl_bs4_plus_api,you.ctrip.com,龙谕酒庄,https://you.ctrip.com/sight/yinchuan239/1414597.html?renderPlatform=,YoYo_6Q7A5H0F,50,,2025-08-16 13:48:06,0,酒庄很好看，不愧是宁夏值得打卡地,2026-09-21 20:15:56,5
6ddb0581e72993c3,携程景点点评,web_crawl_bs4_plus_api,you.ctrip.com,龙谕酒庄,https://you.ctrip.com/sight/yinchuan239/1414597.html?renderPlatform=,M8***30,50,,2025-08-16 13:37:43,0,品酒期间有一款甜白葡萄酒特别推荐，拍照很漂亮，有赠送小瓶白兰地,2026-09-21 20:15:56,5
fdf516f539461b63,携程景点点评,web_crawl_bs4_plus_api,you.ctrip.com,龙谕酒庄,https://you.ctrip.com/sight/yinchuan239/1414597.html?renderPlatform=,舜柯荀彧,50,,2025-08-15 13:59:23,0,来参观了一下张裕旗下的龙谕酒庄，门票包含品酒。,2026-09-21 20:15:56,5
c2b630a78fcf57ce,携程景点点评,web_crawl_bs4_plus_api,you.ctrip.com,龙谕酒庄,https://you.ctrip.com/sight/yinchuan239/1414597.html?renderPlatform=,ha***yi,50,,2025-08-15 13:58:36,0,非常好的感受，品质高。体会了两款酒，口感非常好,2026-09-21 20:15:56,5
8e32048cf210f249,携程景点点评,web_crawl_bs4_plus_api,you.ctrip.com,龙谕酒庄,https://you.ctrip.com/sight/yinchuan239/1414597.html?renderPlatform=,YoYo_0Z2O3J1U,50,,2025-08-14 20:41:11,0,"夏天的龙谕酒庄真的很美🏰
市区开车🚗30分钟就能到
做好防晒美美的拍照啦 ☀️
走廊和窗户边都很出片🪟
可以品鉴红葡萄酒 白葡萄酒
超级好喝~🍷
酒庄有工作人员带着参观（讲解内容非常详细）
重点重点重点，工作人员超级热情，服务态度超好，非常推荐打卡✌
📍：龙谕酒庄",2026-09-21 20:15:56,5
2c12c7e25d962fbf,携程景点点评,web_crawl_bs4_plus_api,you.ctrip.com,龙谕酒庄,https://you.ctrip.com/sight/yinchuan239/1414597.html?renderPlatform=,匿名用户,50,,2025-08-13 16:03:01,0,确实值得一来，服务周到,2026-09-21 20:15:56,5
fc566ffd3d96f008,携程景点点评,web_crawl_bs4_plus_api,you.ctrip.com,龙谕酒庄,https://you.ctrip.com/sight/yinchuan239/1414597.html?renderPlatform=,julycalla,30,,2025-08-13 00:57:28,0,环境不错，但是原来是自己随便逛，没有人给任何的讲解，有点浪费了这个酒庄。到了品酒的环节，尝到的也只是一小口，而不是想象中的半杯(我还是太天真了)，而且品酒的目的也只是为了卖酒，所以趣味性不高，门票就当是免费的那瓶小酒了。,2026-09-21 20:15:56,5
c597f6c156e80961,携程景点点评,web_crawl_bs4_plus_api,you.ctrip.com,龙谕酒庄,https://you.ctrip.com/sight/yinchuan239/1414597.html?renderPlatform=,YoYo_3B9M6M4O,50,,2025-08-12 17:13:24,0,巍巍贺兰山下的酒庄，离市区不算太远，到酒庄南门就可以看到整个大城堡，不出国，也看到了国外古堡，进门两侧葡萄园很不错，这个季节来旅游真是太舒服了，最后还品两款葡萄酒，非常不错，景色宜人，推荐大家都来，导游小姐姐全程讲解，让我对张裕历史有了全新的认知，宁夏人自己产的葡萄酒，点赞👍,2026-09-21 20:15:56,5
0a1f437b8d01e1aa,携程景点点评,web_crawl_bs4_plus_api,you.ctrip.com,龙谕酒庄,https://you.ctrip.com/sight/yinchuan239/1414597.html?renderPlatform=,YoYo_5X5C1G3Q,50,,2025-08-12 13:47:48,0,酒庄很漂亮，拍照很出片。拍婚纱照的人挺多的,2026-09-21 20:15:56,5
dc14738301775e3d,携程景点点评,web_crawl_bs4_plus_api,you.ctrip.com,龙谕酒庄,https://you.ctrip.com/sight/yinchuan239/1414597.html?renderPlatform=,匿名用户,50,,2025-08-11 17:38:12,0,酒庄非常漂亮，打卡必备，很出片哦,2026-09-21 20:15:56,5
226eb2492b1fe02e,携程景点点评,web_crawl_bs4_plus_api,you.ctrip.com,龙谕酒庄,https://you.ctrip.com/sight/yinchuan239/1414597.html?renderPlatform=,YoYo_1J2D5U4Z,50,,2025-08-11 15:48:17,0,城堡很漂亮，有品酒环节，还有赠品。工作人员热情且亲切，非常愉快的参观体验。,2026-09-21 20:15:56,5
4de1bbb58ea2dd7f,携程景点点评,web_crawl_bs4_plus_api,you.ctrip.com,龙谕酒庄,https://you.ctrip.com/sight/yinchuan239/1414597.html?renderPlatform=,YoYo_1F7E4B6P,50,,2025-08-10 20:31:39,0,景区环境优美，工作人员超有爱心，特别安全，非常适合小朋友相约一起游玩、研学。小朋友还可以在商品售卖区给家长带一份精心准备的小礼物哦！,2026-09-21 20:15:56,5
0a3b1b946e3b5217,携程景点点评,web_crawl_bs4_plus_api,you.ctrip.com,龙谕酒庄,https://you.ctrip.com/sight/yinchuan239/1414597.html?renderPlatform=,YoYo_9I7P4Z2X,50,,2025-08-10 20:27:35,0,景色太漂亮了，拍了好多有调性的美照😸，讲解员小姐姐也变成我得御用摄影师啦，嘻嘻！,2026-09-21 20:15:56,5
f700e6fc1b50c8b1,携程景点点评,web_crawl_bs4_plus_api,you.ctrip.com,龙谕酒庄,https://you.ctrip.com/sight/yinchuan239/1414597.html?renderPlatform=,YoYo_6I5X3A8M,50,,2025-08-09 14:11:52,0,欧式城堡风格建筑适合拍照打卡，参观和品鉴对葡萄酒爱好者比较友好，博物馆展板知识比较多，可以慢慢看，作为国产葡萄酒的领军企业，确实是几百年的积累沉淀,2026-09-21 20:15:56,5
45aa21b189422afa,携程景点点评,web_crawl_bs4_plus_api,you.ctrip.com,龙谕酒庄,https://you.ctrip.com/sight/yinchuan239/1414597.html?renderPlatform=,YoYo_4M6R5O8B,50,,2025-08-09 14:09:22,0,龙谕酒庄的城堡式建筑超出片，像闯进了葡萄酒秘境，地下酒窖很震撼，还能带走一瓶小酒。讲解员专业又风趣，试饮的两款酒各有特色，全程体验感拉满，下次还来，值得打卡！,2026-09-21 20:15:56,5
93d0d47bbedec1da,携程景点点评,web_crawl_bs4_plus_api,you.ctrip.com,龙谕酒庄,https://you.ctrip.com/sight/yinchuan239/1414597.html?renderPlatform=,YoYo_9B5X7E6B,50,,2025-08-09 14:08:15,0,"酒庄建筑设计很有艺术感，欧式建筑风格，拍照超出片！
闲暇时间可以带家人带朋友一起出来拍照打卡。门票里包含两款酒的品鉴，一款甜白葡萄酒夏天喝超清爽，值得推荐，快来打卡吧！
【景色】
【趣味】",2026-09-21 20:15:56,5
0be340e169188eba,携程景点点评,web_crawl_bs4_plus_api,you.ctrip.com,龙谕酒庄,https://you.ctrip.com/sight/yinchuan239/1414597.html?renderPlatform=,YoYo_6E9A3I8V,50,,2025-08-09 14:03:29,0,参观龙谕酒庄，收获远超预期。拜占庭风格建筑宏伟大气，葡萄园环绕如诗。酒窖深邃，藏酒丰美。试饮的龙谕干红层次饱满，果香与橡木味交融绝妙。讲解员专业细致，从种植到酿造娓娓道来。国宴级餐食配酒，风味惊艳。不愧是走向世界的中国酒庄，值得细品。,2026-09-21 20:15:56,5
ff9a6e36734f9b5f,携程景点点评,web_crawl_bs4_plus_api,you.ctrip.com,龙谕酒庄,https://you.ctrip.com/sight/yinchuan239/1414597.html?renderPlatform=,YoYo_0W4P4I5H,50,,2025-08-09 13:59:08,0,走进拜占庭式的城堡，体验葡萄酒文化。林荫大道景色宜人，来就完了！！,2026-09-21 20:15:56,5
23e387d1ef68762b,携程景点点评,web_crawl_bs4_plus_api,you.ctrip.com,龙谕酒庄,https://you.ctrip.com/sight/yinchuan239/1414597.html?renderPlatform=,YoYo_2W7H6U3G,50,,2025-08-09 13:57:42,0,龙谕酒庄太值得去了！城堡式建筑超出片，搭配大片葡萄园，随手拍都是美景。讲解员专业又热情，带我们看了酒窖，一排排橡木桶超有氛围，还讲了不少酿酒知识。门票含的品酒环节，喝到的甜白葡萄酒超惊喜。一入口，馥郁果香就散开，蜂蜜、水蜜桃香气交织，甜度恰到好处，不会腻，工作人员还贴心讲解品酒知识，最后还送了白兰地当伴手礼，仪式感拉满。远离市区很清净，逛着特别舒服，这次游玩真的太满意，推荐给大家！,2026-09-21 20:15:56,5
18d47fc88ec08370,携程景点点评,web_crawl_bs4_plus_api,you.ctrip.com,龙谕酒庄,https://you.ctrip.com/sight/yinchuan239/1414597.html?renderPlatform=,YoYo_4F3N1C0B,50,,2025-08-09 13:56:35,0,周末带宝贝去了，不错的体验，宝贝很开心，收货满满，宝贝学到了葡萄酒的知识，其次，拍照也特别出片！,2026-09-21 20:15:56,5
c2d8421e8e0de154,携程景点点评,web_crawl_bs4_plus_api,you.ctrip.com,龙谕酒庄,https://you.ctrip.com/sight/yinchuan239/1414597.html?renderPlatform=,YoYo_9A6Q7H0R,50,,2025-08-09 13:55:57,0,"早就听说龙谕酒庄很有格调，这次实地体验果然没让人失望！刚到门口就被那股子雅致的田园气息吸引，葡萄园郁郁葱葱，酒庄建筑古朴又不失设计感，随手一拍都是大片。
   工作人员态度特别好，热情又贴心，全程体验感满分。不管是和朋友小聚、情侣约会，还是想安静品品酒放松一下，这里都太合适了。绝对是会N刷的宝藏酒庄，强烈推荐给大家！",2026-09-21 20:15:56,5
0dc33c964e214fa9,携程景点点评,web_crawl_bs4_plus_api,you.ctrip.com,龙谕酒庄,https://you.ctrip.com/sight/yinchuan239/1414597.html?renderPlatform=,YoYo_1P8J6I1S,50,,2025-08-09 13:52:13,0,发现了一个出乎意料的小动物，学习了不少品酒知识收获满满，出图也爆喜欢，氛围感超好哦！,2026-09-21 20:15:56,5
56d4597feccecb6f,携程景点点评,web_crawl_bs4_plus_api,you.ctrip.com,龙谕酒庄,https://you.ctrip.com/sight/yinchuan239/1414597.html?renderPlatform=,YoYo_0F6S4D3Q,50,,2025-08-09 13:50:57,0,葡萄园美得像画，酒窖很凉快，讲解员小姐姐非常热情，讲解细致。服务贴心，价格实在，下次还带朋友来！五星好评，冲就完了！,2026-09-21 20:15:56,5
d3d2e47fe892dc26,携程景点点评,web_crawl_bs4_plus_api,you.ctrip.com,龙谕酒庄,https://you.ctrip.com/sight/yinchuan239/1414597.html?renderPlatform=,YoYo_0Z2O3J1U,50,,2025-08-09 13:45:34,0,宁夏·龙谕酒庄 整体是欧式城堡的风格，每一个角落都可以出片！挑个阳光好的大晴天，边拍照顺带散散心，人不是很多，适合社恐放不开的姐妹👭 门票80元，还会有品尝红酒的机会和赠送的白兰地伴手礼，周末不知道去哪的可以去打打卡，离市区很近，建议大家可以穿比较夸张的公主裙，因为真的很好出片！！,2026-09-21 20:15:56,5
4e2be4a0dd73ba70,携程景点点评,web_crawl_bs4_plus_api,you.ctrip.com,龙谕酒庄,https://you.ctrip.com/sight/yinchuan239/1414597.html?renderPlatform=,YoYo_9U0D6B4O,50,,2025-08-09 13:35:34,0,走进龙谕酒庄，城堡般的酒庄建筑，充满了历史的厚重感和艺术的气息。酒庄内部，宽敞的酒窖里整齐地摆放着一排排巨大的橡木桶，空气中弥漫着浓郁的葡萄酒香气。深切的感受到葡萄酒的生命力！,2026-09-21 20:15:56,5
1ce5bd3bdab4a257,携程景点点评,web_crawl_bs4_plus_api,you.ctrip.com,龙谕酒庄,https://you.ctrip.com/sight/yinchuan239/1414597.html?renderPlatform=,YoYo_3B9M6M4O,50,,2025-08-09 13:07:15,0,景色非常宜人，葡萄也到了成熟的季节，非常漂亮,2026-09-21 20:15:56,5
bfa08939a21e48d8,携程景点点评,web_crawl_bs4_plus_api,you.ctrip.com,龙谕酒庄,https://you.ctrip.com/sight/yinchuan239/1414597.html?renderPlatform=,YoYo_3A9N8M2H,50,,2025-08-09 12:51:50,1,"酒庄不只是酿酒的地方，更像个藏着故事的“酒的故乡”。

走进酒庄，先见葡萄园——不同品种的葡萄藤依着地形铺开，阳光、土壤、气候都悄悄影响着果实的风味，这就是酿酒人常说的“风土”。

接着是酿酒车间，不锈钢桶或橡木桶整齐排列，刚采摘的葡萄在这里经历压榨、发酵，果皮、果肉的精华慢慢融进酒液。酿酒师像魔法师，盯着温度、控制着发酵节奏，让葡萄的潜力一点点变成酒的灵魂。

逛累了，大多有品鉴区。端着酒杯，看酒液的色泽，闻它的果香、花香或是木桶带来的复杂香气，再小口啜饮，感受酸、甜、单宁在舌尖的交织——这一口，喝的不只是酒，还有整个酒庄的匠心和时光的味道。",2026-09-21 20:15:56,5
c360326ab72b9d34,携程景点点评,web_crawl_bs4_plus_api,you.ctrip.com,龙谕酒庄,https://you.ctrip.com/sight/yinchuan239/1414597.html?renderPlatform=,YoYo_8A5G5G5C,50,,2025-08-09 12:50:02,0,发现两款神仙酒！🍷 也太好喝了叭！✨ 而且这里拍照绝绝子！📸 氛围感拉满~ 真心推荐集美们来打卡微醺一下！🥂,2026-09-21 20:15:56,5
a11e04cd4ee034e7,携程景点点评,web_crawl_bs4_plus_api,you.ctrip.com,龙谕酒庄,https://you.ctrip.com/sight/yinchuan239/1414597.html?renderPlatform=,YoYo_0V6J8K5F,50,,2025-08-09 12:41:02,2,不错的旅游景点，很适合带着家人过来游玩嗯，有很多葡萄，可以采摘也可以嗯，用来酿酒，没想到酿酒葡萄那么小，味道挺不错！,2026-09-21 20:15:56,5
cb1a4a8543429f34,携程景点点评,web_crawl_bs4_plus_api,you.ctrip.com,龙谕酒庄,https://you.ctrip.com/sight/yinchuan239/1414597.html?renderPlatform=,YoYo_0G8K0X8D,50,,2025-08-09 12:38:45,1,很专业的酒庄，景色特别适合拍照，正好遇到葡萄园品鉴沙龙，被邀请喝了最棒的顶级干红、干白，据说干红和拉菲pk同样的分数哦！,2026-09-21 20:15:56,5
53bf84b887673d00,携程景点点评,web_crawl_bs4_plus_api,you.ctrip.com,龙谕酒庄,https://you.ctrip.com/sight/yinchuan239/1414597.html?renderPlatform=,墨梅,50,,2025-08-09 09:11:53,1,"不错的旅游景点，葡萄园逛了，城堡也打卡了，还品尝了葡萄酒，景区里面还有不少拍婚纱的新人。很适合遛娃打卡。
【趣味】
【景色】",2026-09-21 20:15:56,5
aea011475b6d7d7d,携程景点点评,web_crawl_bs4_plus_api,you.ctrip.com,龙谕酒庄,https://you.ctrip.com/sight/yinchuan239/1414597.html?renderPlatform=,YoYo_2N0E2X1C,50,,2025-08-07 16:14:05,0,很欧范儿古堡，第一次见到真实酒窖，很有意思。讲解很详细,2026-09-21 20:15:56,5
f3b9112fbc1afd3c,携程景点点评,web_crawl_bs4_plus_api,you.ctrip.com,龙谕酒庄,https://you.ctrip.com/sight/yinchuan239/1414597.html?renderPlatform=,YoYo_2U7E0O5H,50,,2025-08-06 16:53:49,0,酒庄环境很好，品尝的酒也很好,2026-09-21 20:15:56,5
83a2d57a6cc33d18,携程景点点评,web_crawl_bs4_plus_api,you.ctrip.com,龙谕酒庄,https://you.ctrip.com/sight/yinchuan239/1414597.html?renderPlatform=,YoYo_4L6N3T2W,50,,2025-08-04 11:08:07,0,挺不错，整洁干净，酒香浓郁，服务好,2026-09-21 20:15:56,5
f2e7b28ed7f327a0,携程景点点评,web_crawl_bs4_plus_api,you.ctrip.com,龙谕酒庄,https://you.ctrip.com/sight/yinchuan239/1414597.html?renderPlatform=,YoYo_1E2Z6X8H,50,,2025-08-04 10:50:25,0,庄园很漂亮，很幽静适合拍照，品酒环节很有意思，值得来一趟。,2026-09-21 20:15:56,5
ad7f6f2692104d3d,携程景点点评,web_crawl_bs4_plus_api,you.ctrip.com,龙谕酒庄,https://you.ctrip.com/sight/yinchuan239/1414597.html?renderPlatform=,YoYo_9T4Z1S6Y,50,,2025-07-28 16:15:00,0,酒庄很大，酒窖值得一看,2026-09-21 20:15:56,5
1ef850af9d66021e,携程景点点评,web_crawl_bs4_plus_api,you.ctrip.com,龙谕酒庄,https://you.ctrip.com/sight/yinchuan239/1414597.html?renderPlatform=,钮钮,50,,2025-07-19 14:51:39,0,非常值得推荐，了解酒庄生产过程。,2026-09-21 20:15:56,5
a61ef079d8436451,携程景点点评,web_crawl_bs4_plus_api,you.ctrip.com,龙谕酒庄,https://you.ctrip.com/sight/yinchuan239/1414597.html?renderPlatform=,匿名用户,50,,2025-07-18 12:26:20,0,很值得参观，带着家人过来参观，孩子很喜欢葡萄酒的文化，过来学习学习，品尝的酒款也很喜欢，下次有机会再过来玩,2026-09-21 20:15:56,5
7372c60ac760e72c,携程景点点评,web_crawl_bs4_plus_api,you.ctrip.com,龙谕酒庄,https://you.ctrip.com/sight/yinchuan239/1414597.html?renderPlatform=,YoYo_8F2R9H3L,50,,2025-07-11 14:06:12,0,酒庄在宁夏贺兰山东麓，那可是业界公认的种植酿酒葡萄和生产高端葡萄酒的黄金地带。一到酒庄，就能看到城堡式建筑，大气又有格调，让人一下就感受到了酒庄的专业和底蕴。,2026-09-21 20:15:56,5
2fc86c33f328c32d,携程景点点评,web_crawl_bs4_plus_api,you.ctrip.com,龙谕酒庄,https://you.ctrip.com/sight/yinchuan239/1414597.html?renderPlatform=,YoYo_3T0X0M0Q,50,,2025-07-03 19:10:35,0,值得一游的,2026-09-21 20:15:56,5
557400ef56cc3373,携程景点点评,web_crawl_bs4_plus_api,you.ctrip.com,龙谕酒庄,https://you.ctrip.com/sight/yinchuan239/1414597.html?renderPlatform=,YoYo_6N0D6N0D,50,,2025-06-27 15:46:21,0,整体体验还是很不错的，结束之后还有免费的品酒以及赠了一瓶110的白兰地。,2026-09-21 20:15:56,5
b5dd04ea948ce3e6,携程景点点评,web_crawl_bs4_plus_api,you.ctrip.com,龙谕酒庄,https://you.ctrip.com/sight/yinchuan239/1414597.html?renderPlatform=,匿名用户,50,,2025-06-21 15:36:01,0,庄重、典雅的美酒庄园，值得来品鉴。了解了葡萄酒历史，学习接待礼仪。拍摄婚纱照最美取景地，来参观还送张裕牌金奖白兰地～,2026-09-21 20:15:56,5
fd5ab6cf5ea0ce31,携程景点点评,web_crawl_bs4_plus_api,you.ctrip.com,龙谕酒庄,https://you.ctrip.com/sight/yinchuan239/1414597.html?renderPlatform=,匿名用户,50,,2025-06-14 16:35:29,0,很值得参观的酒庄，整体建筑风格独特，品酒区域小姑娘讲解很细心,2026-09-21 20:15:56,5
9d7887b98c8d198e,携程景点点评,web_crawl_bs4_plus_api,you.ctrip.com,龙谕酒庄,https://you.ctrip.com/sight/yinchuan239/1414597.html?renderPlatform=,YoYo_9W8C6R0A,50,,2025-06-10 11:20:27,0,值得品尝一下宁夏的葡萄酒，口感绵密，入口甘甜,2026-09-21 20:15:56,5
d043d16fbd38ef86,携程景点点评,web_crawl_bs4_plus_api,you.ctrip.com,龙谕酒庄,https://you.ctrip.com/sight/yinchuan239/1414597.html?renderPlatform=,HKHank,50,,2025-06-02 16:37:10,0,酒庄环境非常好看，酒廊文化呈现很详实，品酒区服务员细心讲解，葡萄酒也好喝，已经当场带走一瓶！,2026-09-21 20:15:56,5
a42d3eb593458a12,携程景点点评,web_crawl_bs4_plus_api,you.ctrip.com,龙谕酒庄,https://you.ctrip.com/sight/yinchuan239/1414597.html?renderPlatform=,匿名用户,50,,2025-05-29 15:26:47,0,了解一下宁夏当地的酒庄，值得一看,2026-09-21 20:15:56,5
4e73b3344d30cab1,携程景点点评,web_crawl_bs4_plus_api,you.ctrip.com,龙谕酒庄,https://you.ctrip.com/sight/yinchuan239/1414597.html?renderPlatform=,匿名用户,20,,2025-04-14 20:21:17,0,啥都看不了，没有讲解员，相当于花钱买了两小支他家的白兰地。,2026-09-21 20:15:56,5
11f18bf4988f5d1d,携程景点点评,web_crawl_bs4_plus_api,you.ctrip.com,龙谕酒庄,https://you.ctrip.com/sight/yinchuan239/1414597.html?renderPlatform=,hs323,50,,2025-03-22 13:21:13,0,我觉得比我想象的要好,2026-09-21 20:15:56,5
f268dbc7c556a56a,携程景点点评,web_crawl_bs4_plus_api,you.ctrip.com,龙谕酒庄,https://you.ctrip.com/sight/yinchuan239/1414597.html?renderPlatform=,_TI***gi,50,,2025-03-10 08:31:34,0,"酒厂有点远离主要城市地区,但提供了一个很棒的景观和逃生的地方。工作人员很友好,最后的品酒是一个很好的奖励。",2026-09-21 20:15:56,5
fcecbdb1aa81dbec,携程景点点评,web_crawl_bs4_plus_api,you.ctrip.com,龙谕酒庄,https://you.ctrip.com/sight/yinchuan239/1414597.html?renderPlatform=,静静的想念吧,50,,2025-01-27 08:31:52,0,体验不错。,2026-09-21 20:15:56,6
e89599f0e3087587,携程景点点评,web_crawl_bs4_plus_api,you.ctrip.com,龙谕酒庄,https://you.ctrip.com/sight/yinchuan239/1414597.html?renderPlatform=,静静的想念吧,50,,2025-01-27 08:31:29,0,体验不错。,2026-09-21 20:15:56,6
cff660ec776fca0e,携程景点点评,web_crawl_bs4_plus_api,you.ctrip.com,龙谕酒庄,https://you.ctrip.com/sight/yinchuan239/1414597.html?renderPlatform=,奔跑的小哪吒,40,,2025-01-24 15:00:25,0,冬天没有什么值得看的，光秃秃,2026-09-21 20:15:56,6
4a8d22235cfe6a5a,携程景点点评,web_crawl_bs4_plus_api,you.ctrip.com,龙谕酒庄,https://you.ctrip.com/sight/yinchuan239/1414597.html?renderPlatform=,不爱P图的旅行患者,50,,2024-10-15 16:29:30,1,选了一家离市区较近的龙谕酒庄，也是张裕旗下的，一个集葡萄种植、高档葡萄酒生产、葡萄酒文化展示、品鉴、观光于一体的庄园。,2026-09-21 20:15:56,6
51b8bb0c8f747298,携程景点点评,web_crawl_bs4_plus_api,you.ctrip.com,龙谕酒庄,https://you.ctrip.com/sight/yinchuan239/1414597.html?renderPlatform=,LilyXLY,50,,2024-10-08 14:54:23,0,非常出片的一个酒庄,2026-09-21 20:15:56,6
be9e010a74729123,携程景点点评,web_crawl_bs4_plus_api,you.ctrip.com,龙谕酒庄,https://you.ctrip.com/sight/yinchuan239/1414597.html?renderPlatform=,姑苏霞客金,40,,2024-10-07 20:49:38,0,酒庄城堡非常漂亮，值得一游，国庆去也没什么人，除了门票贵点其他没毛病。,2026-09-21 20:15:56,6
60ea3566d4c17637,携程景点点评,web_crawl_bs4_plus_api,you.ctrip.com,龙谕酒庄,https://you.ctrip.com/sight/yinchuan239/1414597.html?renderPlatform=,徽风,30,,2024-09-04 05:04:25,0,与期待的不一样,2026-09-21 20:15:56,6
1aa5da5a5f5031fc,携程景点点评,web_crawl_bs4_plus_api,you.ctrip.com,龙谕酒庄,https://you.ctrip.com/sight/yinchuan239/1414597.html?renderPlatform=,匿名用户,30,,2024-08-23 13:51:56,0,以为有酿酒知识普及，结果啥都没有，不值这个门票价,2026-09-21 20:15:56,6
cabc5c1b53fb0bbb,携程景点点评,web_crawl_bs4_plus_api,you.ctrip.com,龙谕酒庄,https://you.ctrip.com/sight/yinchuan239/1414597.html?renderPlatform=,YoYo_9W2E0Q5D,10,,2024-08-21 12:42:49,1,靠一张网宣图吸引过来的。硬件也就看看外面，没有服务全靠自摸，这个品酒环节，完全就是砸牌子！前面介绍的有多牛*，后面酒就有多难喝！还不如不给品酒环节，留下点想象空间！注重体验还是去源石好玩,2026-09-21 20:15:56,6
806daf8ca72fc992,携程景点点评,web_crawl_bs4_plus_api,you.ctrip.com,龙谕酒庄,https://you.ctrip.com/sight/yinchuan239/1414597.html?renderPlatform=,sky～li,40,,2024-08-13 21:23:30,0,酒庄的景色很美，跟电影里的欧洲庄园一样，这里非常适合照相。酒庄的地下室很凉快，一下楼就是一股红酒的酒香。,2026-09-21 20:15:56,6
aae38ee6eb327074,携程景点点评,web_crawl_bs4_plus_api,you.ctrip.com,龙谕酒庄,https://you.ctrip.com/sight/yinchuan239/1414597.html?renderPlatform=,sky～li,40,,2024-08-13 21:19:12,0,酒庄景色还是很不错的，一座庄园，很适合拍照。不过进酒庄还需要买门票，而且价格并不便宜，建议在酒庄购买了红酒的，就免门票。,2026-09-21 20:15:56,6
66e4ff709fe79eba,携程景点点评,web_crawl_bs4_plus_api,you.ctrip.com,龙谕酒庄,https://you.ctrip.com/sight/yinchuan239/1414597.html?renderPlatform=,YoYo_2M9F6D3X,50,,2024-08-09 21:13:21,0,还是比较满意的，拍照打卡很漂亮，品尝了两款红酒，还可以尝试自己装酒进瓶子。在地下酒窖可以找到和自己出生年份一样的红酒，挺特别的。,2026-09-21 20:15:56,6
4c053aca727383d8,携程景点点评,web_crawl_bs4_plus_api,you.ctrip.com,龙谕酒庄,https://you.ctrip.com/sight/yinchuan239/1414597.html?renderPlatform=,YoYo_2M9F6D3X,50,,2024-08-09 21:11:55,0,还是比较满意的，拍照打卡很漂亮，品尝了两款红酒，还可以尝试自己装酒进瓶子。在地下酒窖可以找到和自己出生年份一样的红酒，挺特别的。,2026-09-21 20:15:56,6
70b8028ecc143e26,携程景点点评,web_crawl_bs4_plus_api,you.ctrip.com,龙谕酒庄,https://you.ctrip.com/sight/yinchuan239/1414597.html?renderPlatform=,lochdale,40,,2024-08-09 09:06:00,0,我们去晚了，别在快下班了，不过酒庄很大很漂亮，可能是太晚了，没怎么了解到酿酒的知识,2026-09-21 20:15:56,6
3915727901aec20f,携程景点点评,web_crawl_bs4_plus_api,you.ctrip.com,龙谕酒庄,https://you.ctrip.com/sight/yinchuan239/1414597.html?renderPlatform=,JML豆,50,,2024-08-05 18:28:10,1,喜欢葡萄酒的人不容错过，品鉴酒口感也很好。,2026-09-21 20:15:56,6
678ed67b43409da2,携程景点点评,web_crawl_bs4_plus_api,you.ctrip.com,龙谕酒庄,https://you.ctrip.com/sight/yinchuan239/1414597.html?renderPlatform=,Nichel0828,10,,2024-08-01 17:25:25,0,很**，浪费了80 品酒处只给了一瓶148的干红和100多的甜白，倒了个杯底儿，100多的酒我不会自己买么用你给我品鉴？！ 感觉被骗了80！ 而且服务态度巨差，品酒处的服务员耷拉着脸，完全没有服务可言，只有扫兴，真后悔特意过来一趟  说的送葡萄也没送，全程没人接待没人讲解，最后的白兰地没封好（品酒处同一个服务生），导致洒了一整车，又多花了200块洗车！  下次去西鸽酒庄和源石（门票还免费）,2026-09-21 20:15:56,6
c3e07521a773b274,携程景点点评,web_crawl_bs4_plus_api,you.ctrip.com,龙谕酒庄,https://you.ctrip.com/sight/yinchuan239/1414597.html?renderPlatform=,Leo_inSH,50,,2024-07-26 19:59:29,0,服务非常好，路线安排合理，不走回头路！酒庄大气，充满了法式浪漫，古堡充满了历史感和故事感，大片葡萄园，随便一拍，都是拍大片的感觉，值得推荐,2026-09-21 20:15:56,6
a19d3abad9c2334c,携程景点点评,web_crawl_bs4_plus_api,you.ctrip.com,龙谕酒庄,https://you.ctrip.com/sight/yinchuan239/1414597.html?renderPlatform=,YoYo_5H3S5R3Y,50,,2024-07-26 08:33:44,1,我认为这是一个非常值得去参观旅游一下的地方。不只是去看景色，更是自豪的去学习我国张裕葡萄酒的发展历史和取得的成就，身为国人很骄傲！在这里还看到了一排排的葡萄架，工人们工作的场景，还有漂亮的景色，拍出照片真是好看又有感觉。最后品尝并自己装酒的环节，很好！好有成就感！😃我和孩子都挺喜欢的！强烈推荐来这参观哦！,2026-09-21 20:15:56,6
15d8fad36e218208,携程景点点评,web_crawl_bs4_plus_api,you.ctrip.com,龙谕酒庄,https://you.ctrip.com/sight/yinchuan239/1414597.html?renderPlatform=,匿名用户,50,,2024-07-07 15:28:22,0,在葡萄丰收的季节去更有意思,2026-09-21 20:15:56,6
8488c058b3f9b88b,携程景点点评,web_crawl_bs4_plus_api,you.ctrip.com,龙谕酒庄,https://you.ctrip.com/sight/yinchuan239/1414597.html?renderPlatform=,匿名用户,50,,2024-05-26 13:41:07,0,环境很好，很美，去的时候有新人在取景拍照，冬天去的，外景不好拍照，但是感觉规划很不错，夏天草坪绿了还有葡萄估计会很美。酒好喝，买了几瓶，可以邮寄。,2026-09-21 20:15:56,6
4c36caf56f8a5351,携程景点点评,web_crawl_bs4_plus_api,you.ctrip.com,龙谕酒庄,https://you.ctrip.com/sight/yinchuan239/1414597.html?renderPlatform=,Plas缇可,50,,2024-05-25 13:04:46,0,风格很漂亮的酒庄 比较可惜的就是没有工作人员引导参观 下到地下酒窖了但是太黑不敢进去,2026-09-21 20:15:56,6
42a4799241f8831b,携程景点点评,web_crawl_bs4_plus_api,you.ctrip.com,龙谕酒庄,https://you.ctrip.com/sight/yinchuan239/1414597.html?renderPlatform=,古风傲月,50,,2024-04-25 13:50:02,0,挺好的，真不错，洛阳人第一次参观，非常不错，值得体验。,2026-09-21 20:15:56,6
86a91a9dc8daa023,携程景点点评,web_crawl_bs4_plus_api,you.ctrip.com,龙谕酒庄,https://you.ctrip.com/sight/yinchuan239/1414597.html?renderPlatform=,最冰冷的吻,50,,2024-01-31 19:04:31,0,入选“神奇西北100景”，打卡银川龙谕酒庄，北纬37-39度的宁夏贺兰山东麓，全年日照时长达3000小时，是世界上种植酿酒葡萄的黄金种植带！,2026-09-21 20:15:56,6
588a5f0af4f2f499,携程景点点评,web_crawl_bs4_plus_api,you.ctrip.com,龙谕酒庄,https://you.ctrip.com/sight/yinchuan239/1414597.html?renderPlatform=,YoYo_6K5M6B1T,30,,2024-01-25 22:25:30,0,80转一圈实属太坑,2026-09-21 20:15:56,6
018ee4408a35eb50,携程景点点评,web_crawl_bs4_plus_api,you.ctrip.com,龙谕酒庄,https://you.ctrip.com/sight/yinchuan239/1414597.html?renderPlatform=,Andrei514,50,,2023-11-08 13:06:29,0,去的时候已经过了葡萄采摘季，但是秋景也很不错，地下酒窖很有氛围感,2026-09-21 20:15:56,6
be1d1871be5de2a8,携程景点点评,web_crawl_bs4_plus_api,you.ctrip.com,龙谕酒庄,https://you.ctrip.com/sight/yinchuan239/1414597.html?renderPlatform=,匿名用户,50,,2023-10-08 21:06:51,0,还值得去一看。,2026-09-21 20:15:56,6
a893a01b273365df,携程景点点评,web_crawl_bs4_plus_api,you.ctrip.com,龙谕酒庄,https://you.ctrip.com/sight/yinchuan239/1414597.html?renderPlatform=,阿华,50,,2023-08-30 10:31:16,0,此酒庄值得推荐。,2026-09-21 20:15:56,6
b2aa1d5b7c214d75,携程景点点评,web_crawl_bs4_plus_api,you.ctrip.com,龙谕酒庄,https://you.ctrip.com/sight/yinchuan239/1414597.html?renderPlatform=,匿名用户,50,,2023-08-20 23:17:12,0,环境非常好，体验了葡萄酒，拍照很出片,2026-09-21 20:15:56,6
f80b38d906f85cd4,携程景点点评,web_crawl_bs4_plus_api,you.ctrip.com,龙谕酒庄,https://you.ctrip.com/sight/yinchuan239/1414597.html?renderPlatform=,匿名用户,50,,2023-08-18 16:13:27,1,这里很美，早点去拍照没太阳,2026-09-21 20:15:56,6
5026513049d721b7,携程景点点评,web_crawl_bs4_plus_api,you.ctrip.com,龙谕酒庄,https://you.ctrip.com/sight/yinchuan239/1414597.html?renderPlatform=,YoYo_9S1Q5I4L,50,,2023-08-13 00:48:24,0,景色不错，服务还行，送一瓶酒。,2026-09-21 20:15:56,6
dc890f116b9e97ae,携程景点点评,web_crawl_bs4_plus_api,you.ctrip.com,龙谕酒庄,https://you.ctrip.com/sight/yinchuan239/1414597.html?renderPlatform=,颠牛,40,,2023-08-12 23:15:52,1,性价比不高，大概逛半小时就出来了，可以试酒品酒，不过都比较一般，而且价格不便宜，拍拍照还行，酒庄是欧洲城堡的设计，晚上可以比较出片,2026-09-21 20:15:56,6
cc4d3be95b61a81a,携程景点点评,web_crawl_bs4_plus_api,you.ctrip.com,龙谕酒庄,https://you.ctrip.com/sight/yinchuan239/1414597.html?renderPlatform=,YoYo_1B2F5X5A,10,,2023-08-07 14:31:28,0,名不副实，不值一提,2026-09-21 20:15:56,6
99f84cfd162e8857,携程景点点评,web_crawl_bs4_plus_api,you.ctrip.com,龙谕酒庄,https://you.ctrip.com/sight/yinchuan239/1414597.html?renderPlatform=,YoYo_1B2F5X5A,10,,2023-08-07 14:30:56,0,名不副实，不值一提,2026-09-21 20:15:56,6
870ef069cc65d1c5,携程景点点评,web_crawl_bs4_plus_api,you.ctrip.com,龙谕酒庄,https://you.ctrip.com/sight/yinchuan239/1414597.html?renderPlatform=,Danielllllllll,50,,2023-07-27 12:21:12,0,来银川，必拜访这个庄园，很喜欢他们家的甜白。,2026-09-21 20:15:56,6
e7c5ff67d7993a0e,携程景点点评,web_crawl_bs4_plus_api,you.ctrip.com,龙谕酒庄,https://you.ctrip.com/sight/yinchuan239/1414597.html?renderPlatform=,独游者njm,50,,2023-06-25 18:48:47,0,龙谕酒庄有公交可以直达，门票含品酒和罐装一小瓶白兰地，城堡拍照比较出片，龙8、9，12整箱购买价格有优惠。行程轻松，有时间可以安排半天逛逛。,2026-09-21 20:15:56,6
df8183b1b4d93cce,携程景点点评,web_crawl_bs4_plus_api,you.ctrip.com,龙谕酒庄,https://you.ctrip.com/sight/yinchuan239/1414597.html?renderPlatform=,YoYo_2C0Y5M4J,50,,2023-06-06 17:25:53,0,"因为酒庄的地下酒窖、二楼博物馆还在装修，所以目前票价半价。
欧式风格建筑，比较适合拍照，可能9、10月份葡萄成熟季节去参观，体验感会更好。
一楼可以参观鉴酒区，有两款试饮酒，据介绍，这两款试饮酒只能在酒庄能买到。
走之前会送一小瓶伴手礼（酒），但是对于坐飞机懒得托运的人来说真的带也带不走，小小遗憾。",2026-09-21 20:15:56,6
e91f572ad98e70e3,携程景点点评,web_crawl_bs4_plus_api,you.ctrip.com,龙谕酒庄,https://you.ctrip.com/sight/yinchuan239/1414597.html?renderPlatform=,杰尼夫张,10,,2023-06-03 01:20:05,9,酒庄很漂亮……可惜里面的工作人员太恶心了 秉持着出来玩 想给家人朋友带点当地特色 来到了这个酒庄 试了酒 觉得各方面都可以接受  但是销售人员 姿态挺高的 在您这卖酒 售后可以做成这样？首先因为不包邮 又是买来送人的 第二天我又是坐飞机走的 我很在意这个邮费问题 非常怕让拿到酒的人承担运费 她这里又反复强调快递揽件了 才有运费出来 我这个顾客不停的盯着有没有发货 包括上机前 还在我主动像他反复确认 而且已经推脱了一天发货 买单之前我也是确认了 对方说下午会发 好的也是在我追问情况下 才知道发不出 我都晚上回到上海家了  也是在追问中 才告知我 只发了一瓶 我想店员诉说 这个发货快递情况 太慢了 她竟然把快递员微信推给我让我自己联系？？？？？我整个大无语？谢谢！实在受不了他到底几时能没有意外发货 我发现他们是有线上店铺的 于是重新订购了 向她退款没有发货的酒 结果整个一个售后真的绝的不行……姿态高到不行 在城堡里上班？当自己是公主了难道？确实只买了4瓶酒 您看不上订单 但是做个销售人员基本的职业素养得有吧？我还有一瓶酒没有收到货 然而这个人将我拉黑 真的很厉害哦！如果你是4a景区 请你做到一个4a该有的服务水平 谢谢！,2026-09-21 20:15:56,6
2dd94efb3f04bc6d,携程景点点评,web_crawl_bs4_plus_api,you.ctrip.com,龙谕酒庄,https://you.ctrip.com/sight/yinchuan239/1414597.html?renderPlatform=,Adrian2025,50,,2023-05-11 11:17:51,0,服务好，很有趣的体验项目，环境不错。,2026-09-21 20:15:56,6
2570a294c2884709,携程景点点评,web_crawl_bs4_plus_api,you.ctrip.com,龙谕酒庄,https://you.ctrip.com/sight/yinchuan239/1414597.html?renderPlatform=,瑄J,50,,2023-04-18 21:02:03,0,照片很美，出片,2026-09-21 20:15:56,6
9a9c1a094b2977ff,携程景点点评,web_crawl_bs4_plus_api,you.ctrip.com,龙谕酒庄,https://you.ctrip.com/sight/yinchuan239/1414597.html?renderPlatform=,YoYo_0Z2O3J1U,50,,2023-03-28 13:19:04,1,"银川张裕龙谕 闯入欧洲古堡
跨越一千多公里 来到银川
古老的欧式建筑
就像出了趟国 

酒庄就在银川市区不远的地方
可以打车过去

酒庄门口车流量比较小
门票是 80/人
送一瓶酒
可以自己灌装自己贴标签
可以品两款酒
一款是红葡萄酒会比较酸但不涩
一款是白葡萄酒 很甜
人流量少 要拍照的话是很好出片的
可以穿上欧式礼服像在逃公主",2026-09-21 20:15:56,6
056d2a98b0ef23d4,携程景点点评,web_crawl_bs4_plus_api,you.ctrip.com,龙谕酒庄,https://you.ctrip.com/sight/yinchuan239/1414597.html?renderPlatform=,YoYo_7H7M5T6A,50,,2023-03-28 10:46:04,1,张裕龙谕酒庄，地下酒窖有橡木桶，博物馆可以了解张裕百年历史、葡萄酒知识。可以品酒，赠送白兰地。参观大约一小时。,2026-09-21 20:15:56,6
1844947941776024,携程景点点评,web_crawl_bs4_plus_api,you.ctrip.com,龙谕酒庄,https://you.ctrip.com/sight/yinchuan239/1414597.html?renderPlatform=,iamjazz,30,,2023-03-26 18:14:13,0,非常普通 有些失望,2026-09-21 20:15:56,6
db45b67dd108d0f5,携程景点点评,web_crawl_bs4_plus_api,you.ctrip.com,龙谕酒庄,https://you.ctrip.com/sight/yinchuan239/1414597.html?renderPlatform=,贰黑哥,50,,2023-03-21 20:39:27,0,生产葡萄酒的基地，生产中高档品牌。,2026-09-21 20:15:56,6
45025bdd4fe72e0f,携程景点点评,web_crawl_bs4_plus_api,you.ctrip.com,龙谕酒庄,https://you.ctrip.com/sight/yinchuan239/1414597.html?renderPlatform=,迪肯孔裴矩,50,,2023-03-14 21:11:56,2,"银川 松松散散的银川之旅结束啦，回北京喽
张裕摩塞尔十五世酒庄 拍照圣地啦，刚好去的时候整个园一个人都没有，门口招待说今年葡萄产量不太好（超实诚），就没摘葡萄，还送伴手礼啦。
随便挑的一家西夏万达的炝锅鱼是好吃的（竟然还是喜阿婆家的）
北京健康宝弹窗3
我的弹窗消失了太感人了，发了无数次电话，申诉六次",2026-09-21 20:15:56,6
c3d672fc98e01af4,携程景点点评,web_crawl_bs4_plus_api,you.ctrip.com,龙谕酒庄,https://you.ctrip.com/sight/yinchuan239/1414597.html?renderPlatform=,安静,50,,2023-03-06 23:22:02,0,景色宜人，很不错的选择，很喜欢这个地方！,2026-09-21 20:15:56,6
4ab736c3503aabd9,携程景点点评,web_crawl_bs4_plus_api,you.ctrip.com,龙谕酒庄,https://you.ctrip.com/sight/yinchuan239/1414597.html?renderPlatform=,巧克力-蛋糕,50,,2023-02-15 18:02:46,0,非常非常不错的一个景点，有机会还要再去一次，挺好的,2026-09-21 20:15:56,6
b411e2541d35f665,携程景点点评,web_crawl_bs4_plus_api,you.ctrip.com,龙谕酒庄,https://you.ctrip.com/sight/yinchuan239/1414597.html?renderPlatform=,克里尼查谟尔斯卡贺拔允,40,,2023-02-02 16:13:25,0,服务人员很热情，不过里面的确没有太多可以看的,2026-09-21 20:15:56,6
2d81ca693a35d116,携程景点点评,web_crawl_bs4_plus_api,you.ctrip.com,龙谕酒庄,https://you.ctrip.com/sight/yinchuan239/1414597.html?renderPlatform=,iamjazz,40,,2023-01-30 11:06:13,0,普通的酒庄 服务还可以,2026-09-21 20:15:56,6
e8706f286bedd04f,携程景点点评,web_crawl_bs4_plus_api,you.ctrip.com,龙谕酒庄,https://you.ctrip.com/sight/yinchuan239/1414597.html?renderPlatform=,天晴勒,50,,2022-11-15 13:31:56,0,喝红酒么就是要来这里的了吧，喜欢的,2026-09-21 20:15:56,6
c0140a64c2b49d4f,携程景点点评,web_crawl_bs4_plus_api,you.ctrip.com,龙谕酒庄,https://you.ctrip.com/sight/yinchuan239/1414597.html?renderPlatform=,Neptune1105x,50,,2022-11-07 23:07:44,0,有点旧了，我觉得他的这个文案做得不是很好，其实是一个很好宣传的地方，以后这个酒庄旅行也会比较的多，所以我建议他们要重新去更改一下。,2026-09-21 20:15:56,6
8c297e6f11edc87d,携程景点点评,web_crawl_bs4_plus_api,you.ctrip.com,龙谕酒庄,https://you.ctrip.com/sight/yinchuan239/1414597.html?renderPlatform=,2301hbr,50,,2022-10-30 11:28:21,0,【性价比】不错的选择【性价比】不错的选择,2026-09-21 20:15:56,7
9e697d2f25351d78,携程景点点评,web_crawl_bs4_plus_api,you.ctrip.com,龙谕酒庄,https://you.ctrip.com/sight/yinchuan239/1414597.html?renderPlatform=,一梦zcm,50,,2022-10-28 22:59:09,0,"不错的地方不错不错不错不错不错不错不错不错不错不错不错不错不错
【景色】
【趣味】
【性价比】",2026-09-21 20:15:56,7
d098a7d37e852766,携程景点点评,web_crawl_bs4_plus_api,you.ctrip.com,龙谕酒庄,https://you.ctrip.com/sight/yinchuan239/1414597.html?renderPlatform=,🌻Michstabe💫,30,,2022-09-20 22:56:10,0,一个小时逛完，不推荐去。门票80不值得。,2026-09-21 20:15:56,7
312fe33611265b27,携程景点点评,web_crawl_bs4_plus_api,you.ctrip.com,龙谕酒庄,https://you.ctrip.com/sight/yinchuan239/1414597.html?renderPlatform=,红尘摆渡者,40,,2022-08-28 22:56:02,0,总体还可以吧，带客人去玩的，导游免票，有个客人很喜欢拍照，很出片，很多新人在这里拍婚纱照，红酒的文化源远流长，孩子也能涨知识，有很多小实验,2026-09-21 20:15:56,7
d707a977472ec75c,携程景点点评,web_crawl_bs4_plus_api,you.ctrip.com,龙谕酒庄,https://you.ctrip.com/sight/yinchuan239/1414597.html?renderPlatform=,kkl****00,30,,2022-08-21 10:17:58,0,除了外面拍照没啥可看的了，设备基本不开放，还不如去免费的酒庄  性价比太低,2026-09-21 20:15:56,7
b613525199078c93,携程景点点评,web_crawl_bs4_plus_api,you.ctrip.com,龙谕酒庄,https://you.ctrip.com/sight/yinchuan239/1414597.html?renderPlatform=,小潭山老妖,50,,2022-08-15 17:28:01,0,很推荐 因为景区比较干净 人很少。,2026-09-21 20:15:56,7
29288ee3d1725e7a,携程景点点评,web_crawl_bs4_plus_api,you.ctrip.com,龙谕酒庄,https://you.ctrip.com/sight/yinchuan239/1414597.html?renderPlatform=,wwmorphia,40,,2022-07-30 12:06:05,1,"酿酒过程的机器坏了，有点遗憾，地下酒窖太多地方都不能参观。
整体环境不错，城堡很适合拍照。
孩子要求去的，想动手的环节都没有",2026-09-21 20:15:56,7
10b2d260c9235adf,携程景点点评,web_crawl_bs4_plus_api,you.ctrip.com,龙谕酒庄,https://you.ctrip.com/sight/yinchuan239/1414597.html?renderPlatform=,天空中飞翔的小鸟hy,30,,2022-07-23 18:34:23,0,里面没什么东西，地下室参观一圈 很快就完了， 人很少…  临走给了两小瓶罐装， 感觉也不值票价。,2026-09-21 20:15:56,7
ac5ee5a20bc510bc,携程景点点评,web_crawl_bs4_plus_api,you.ctrip.com,龙谕酒庄,https://you.ctrip.com/sight/yinchuan239/1414597.html?renderPlatform=,allenpolaris,40,,2022-07-17 13:02:04,0,还行还行还行,2026-09-21 20:15:56,7
126e0c63ce620680,携程景点点评,web_crawl_bs4_plus_api,you.ctrip.com,龙谕酒庄,https://you.ctrip.com/sight/yinchuan239/1414597.html?renderPlatform=,昵称,20,,2022-07-09 15:41:38,0,园区很冷清，目前能够参观的只有地窖、二楼的张裕发展史，以及一楼的品酒。最后每张票送了一小瓶白兰地（170ml）。游客，或者说我感兴趣的是葡萄酒的生产过程，葡萄是如何从田间到了我们餐桌上。但是，整个过程都没有相关的信息，也没有讲解员，墙上的自助讲解二维码处于系统维护状态。所以，实在是不太明白这80元的票价价值体现在何处……,2026-09-21 20:15:56,7
c5a93375aa201c1c,携程景点点评,web_crawl_bs4_plus_api,you.ctrip.com,龙谕酒庄,https://you.ctrip.com/sight/yinchuan239/1414597.html?renderPlatform=,我是188466,50,,2022-07-09 15:35:03,0,拍照不错，没什么人，但是价格还是贵了点！,2026-09-21 20:15:56,7
8f9aa396e93eea07,携程景点点评,web_crawl_bs4_plus_api,you.ctrip.com,龙谕酒庄,https://you.ctrip.com/sight/yinchuan239/1414597.html?renderPlatform=,vanessa,40,,2022-07-06 22:39:14,0,既然是教育基地，趣味性和现代性占比更高一点，更能吸引人！,2026-09-21 20:15:56,7
2802ab458900fd56,携程景点点评,web_crawl_bs4_plus_api,you.ctrip.com,龙谕酒庄,https://you.ctrip.com/sight/yinchuan239/1414597.html?renderPlatform=,YoYo_8I3W2Z8H,50,,2022-02-28 15:38:28,0,特别好的景点～如果和朋友一起出游～既可以了解酒文化～也可以小酌一杯,2026-09-21 20:15:56,7
5fdf8690a6148622,携程景点点评,web_crawl_bs4_plus_api,you.ctrip.com,龙谕酒庄,https://you.ctrip.com/sight/yinchuan239/1414597.html?renderPlatform=,YoYo_6H5F3C7Y,50,,2022-02-26 21:58:02,0,景色很美，酒庄有格局，值得一游,2026-09-21 20:15:56,7
76d3bc8602a1ab55,携程景点点评,web_crawl_bs4_plus_api,you.ctrip.com,龙谕酒庄,https://you.ctrip.com/sight/yinchuan239/1414597.html?renderPlatform=,gzfpsy,40,,2022-01-17 16:44:50,0,没有介绍和引导，黑灯瞎火走一圈,2026-09-21 20:15:56,7
92ed203d4842a7bf,携程景点点评,web_crawl_bs4_plus_api,you.ctrip.com,龙谕酒庄,https://you.ctrip.com/sight/yinchuan239/1414597.html?renderPlatform=,gzfpsy,40,,2022-01-17 16:44:41,0,没有介绍和引导，黑灯瞎火走一圈,2026-09-21 20:15:56,7
56b4cdf64d45a7b6,携程景点点评,web_crawl_bs4_plus_api,you.ctrip.com,龙谕酒庄,https://you.ctrip.com/sight/yinchuan239/1414597.html?renderPlatform=,gzfpsy,50,,2022-01-17 16:44:06,0,比青岛啤酒博物馆差多了，没有任何介绍,2026-09-21 20:15:56,7
57831d8783feed47,携程景点点评,web_crawl_bs4_plus_api,you.ctrip.com,龙谕酒庄,https://you.ctrip.com/sight/yinchuan239/1414597.html?renderPlatform=,半生梦梦,40,,2022-01-13 23:15:56,1,拍欧式风格照片的好去处，顺便了解下张裕葡萄酒在中国的由来和发展历程，还送了一小瓶白兰地，酒劲挺大,2026-09-21 20:15:56,7
c3ea8d1fd4201d3b,携程景点点评,web_crawl_bs4_plus_api,you.ctrip.com,龙谕酒庄,https://you.ctrip.com/sight/yinchuan239/1414597.html?renderPlatform=,半眠～Diary,50,,2021-12-07 21:59:22,4,"整个银川有很多的酒庄，但是说到最漂亮的酒庄，那一定是张裕摩塞尔十五世酒庄，简直是一个活脱脱的欧洲古堡，整个装修非常欧式，会有一种浪漫法国的感觉！雄伟壮丽的欧式古堡，周边是一望无际的绿色葡萄园和参天古树，这里可以品酒，可以采摘葡萄，还可以在这里享受美味佳肴，感觉特别的舒服自在！酒庄很大，对喜欢摄影的朋友来说，这里拍照是超出片的，穿着古朴小香风来拍照也是一绝，被美到窒息！

浏览路线：
1、园区：一进大门就能看到一个超级欧式的圆形喷泉，喷泉的正后面便是主城堡，两侧是庄园里种植的千亩葡萄园，拜占式的建筑风格和法式庄园气息的完美融合，让这里变成了童话世界里的古典城堡！
2、地下一层：为酒窖和贵宾品酒室，灯光很昏暗，一排排的橡木桶，各式各样的各国徽章，红酒瓶垒出的通道，还有酿酒师的签名照。
3、一层：为接待大厅，灌装生产线、影视厅；
4、二层：为葡萄酒博物馆，了解张裕红酒的历史，体验有趣的科技小玩意，还可以参加品酒，最后自己制作两小瓶白兰地，亲自罐装、选择瓶盖、敲木塞、贴标签、签名和标注日期。",2026-09-21 20:15:56,7
c755f771fe5e67fe,携程景点点评,web_crawl_bs4_plus_api,you.ctrip.com,龙谕酒庄,https://you.ctrip.com/sight/yinchuan239/1414597.html?renderPlatform=,重庆Tina,50,,2021-10-27 12:49:25,1,都知道宁夏的葡萄酒不错，但其实我是去拍照的，哈哈哈，这里拍照真心好看，不信自己看图，还带了一瓶17年的酒回去，和我幺儿同年，珍藏起来。,2026-09-21 20:15:56,7
1305a8b66202d79e,携程景点点评,web_crawl_bs4_plus_api,you.ctrip.com,龙谕酒庄,https://you.ctrip.com/sight/yinchuan239/1414597.html?renderPlatform=,YoYo_6A7K7W6K,40,,2021-10-26 18:58:21,0,天气不是很好，游客不多，好几个部分都没开放,2026-09-21 20:15:56,7
2f3ecdca61b2b5a7,携程景点点评,web_crawl_bs4_plus_api,you.ctrip.com,龙谕酒庄,https://you.ctrip.com/sight/yinchuan239/1414597.html?renderPlatform=,YoYo_4T1U0K1S,50,,2021-10-10 01:37:33,0,太美了，在城堡里体验一下公主,2026-09-21 20:15:56,7
4a200004bd0227b0,携程景点点评,web_crawl_bs4_plus_api,you.ctrip.com,龙谕酒庄,https://you.ctrip.com/sight/yinchuan239/1414597.html?renderPlatform=,YoYo_4T1U0K1S,50,,2021-10-06 14:52:08,0,微醺，特别好看，酒好喝。特别适合拍照。,2026-09-21 20:15:56,7
849ab84133e9d814,携程景点点评,web_crawl_bs4_plus_api,you.ctrip.com,龙谕酒庄,https://you.ctrip.com/sight/yinchuan239/1414597.html?renderPlatform=,挥袖如风,30,,2021-10-06 09:06:12,0,深入了解了张裕品牌的创立和发展史，品尝了纯正的葡萄酒，口感极佳，虽近晚秋时节，但酒庄环境还是不错。,2026-09-21 20:15:56,7
649c8535f1619d51,携程景点点评,web_crawl_bs4_plus_api,you.ctrip.com,龙谕酒庄,https://you.ctrip.com/sight/yinchuan239/1414597.html?renderPlatform=,Evenkwok,40,,2021-10-06 08:33:13,0,浪漫古堡风的酒庄，适合拍照。宁夏天气特别好，以古堡为背景拍出来非常浪漫。成人票80元含品酒2杯+一小瓶白兰地可以带走；老年或者其他半价票50元，就没有可以带走的白兰地了。龙谕同款红酒的香味很特别，有股很重的烟草味，白葡萄酒也很不错，加入购物车。,2026-09-21 20:15:56,7
7e60ec9526f414fd,携程景点点评,web_crawl_bs4_plus_api,you.ctrip.com,龙谕酒庄,https://you.ctrip.com/sight/yinchuan239/1414597.html?renderPlatform=,小金奥德里奇,50,,2021-10-05 11:07:38,0,值得一去。,2026-09-21 20:15:56,7
5e1e22cee31115d7,携程景点点评,web_crawl_bs4_plus_api,you.ctrip.com,龙谕酒庄,https://you.ctrip.com/sight/yinchuan239/1414597.html?renderPlatform=,安阳水木年华,50,,2021-10-02 05:09:35,0,确实值得去，深入了解了张裕品牌的创立和发展史，品尝了纯正的葡萄酒，口感极佳，虽近晚秋时节，但酒庄环境还是不错。,2026-09-21 20:15:56,7
b5e86b4373bd45fd,携程景点点评,web_crawl_bs4_plus_api,you.ctrip.com,龙谕酒庄,https://you.ctrip.com/sight/yinchuan239/1414597.html?renderPlatform=,格格巫柒,30,,2021-10-01 23:01:50,0,首先，里面标识不清！门票上有品鉴葡萄酒，但不说清楚到底在哪里，从始自终，整个园区都没有任何标志写到在哪里游客门票上的葡萄酒品鉴是在哪里，走了一个大圈才知道要从第一栋进去，完全没标志！,2026-09-21 20:15:56,7
e92312de2ce38c51,携程景点点评,web_crawl_bs4_plus_api,you.ctrip.com,龙谕酒庄,https://you.ctrip.com/sight/yinchuan239/1414597.html?renderPlatform=,YoYo_1I6Y6B9E,40,,2021-09-22 11:13:13,1,适合拍照，贼冷建议多穿点衣服,2026-09-21 20:15:56,7
714a9d2071617e87,携程景点点评,web_crawl_bs4_plus_api,you.ctrip.com,龙谕酒庄,https://you.ctrip.com/sight/yinchuan239/1414597.html?renderPlatform=,YoYo_8D5C8E7S,10,,2021-09-18 18:02:17,0,打卡張裕酒庄。。。評價：名聲在外，疏於管理，浪得虛名，服務勁差。— End!!!,2026-09-21 20:15:56,7
28d0291177ef7e25,携程景点点评,web_crawl_bs4_plus_api,you.ctrip.com,龙谕酒庄,https://you.ctrip.com/sight/yinchuan239/1414597.html?renderPlatform=,Triangle-Lam,50,,2021-09-12 23:18:02,0,很好，请了讲解介绍，不错的体验,2026-09-21 20:15:56,7
9087c2dacc04eb15,携程景点点评,web_crawl_bs4_plus_api,you.ctrip.com,龙谕酒庄,https://you.ctrip.com/sight/yinchuan239/1414597.html?renderPlatform=,YoYo_3E8Z6E3F,10,,2021-08-28 23:27:07,0,本身不错酒庄，但服务太差了。什么服务都没有，还收80一个人的门票。品酒就2种，还那么难喝，太失望了,2026-09-21 20:15:56,7
1b5df31ec6302b40,携程景点点评,web_crawl_bs4_plus_api,you.ctrip.com,龙谕酒庄,https://you.ctrip.com/sight/yinchuan239/1414597.html?renderPlatform=,Chiu.,30,,2021-08-21 18:30:54,0,一般，没啥看的，不是那么好玩，都没啥人。。优惠票不送酒的！！,2026-09-21 20:15:56,7
1f2854c08d7114c0,携程景点点评,web_crawl_bs4_plus_api,you.ctrip.com,龙谕酒庄,https://you.ctrip.com/sight/yinchuan239/1414597.html?renderPlatform=,有福之人不用急,50,,2021-08-14 19:48:54,1,银川好多酒庄，这个酒庄看起来规模和宣传都做的不错，所以就选择了他，总体说还可以的。80快门票还有评酒，虽然走个样子，但是还可以的。,2026-09-21 20:15:56,7
d97e1b3615d7171b,携程景点点评,web_crawl_bs4_plus_api,you.ctrip.com,龙谕酒庄,https://you.ctrip.com/sight/yinchuan239/1414597.html?renderPlatform=,YoYo_9M5Y7V3N,30,,2021-08-03 16:35:35,0,没什么值得看的,2026-09-21 20:15:56,7
691a291942c9fb68,携程景点点评,web_crawl_bs4_plus_api,you.ctrip.com,龙谕酒庄,https://you.ctrip.com/sight/yinchuan239/1414597.html?renderPlatform=,densson,10,,2021-07-30 14:31:10,11,从进门开始就不舒服了，两个售票小姑娘自顾自的聊天，我们在旁边看了有五分钟，才过来面无表情的讲了一下游园规则，票价本不低，号称淡季80，这么大个酒庄城堡全程自行参观，连一个服务人员都没有，又不是免费景点，安排个定时讲解不可以吗？还要收费100，说实话，你要宣传张裕的文化和历史是公司行为，游客谁有兴趣去仔细看？里面设的几个互动游戏难操作的很，屏幕是上个世纪的画质，像素特别感人，酿酒图更是坏的，放的香味辨别是挺好的创意，打开一股空气清新剂的味道，精油都比这个像你要展示的味道，况且薰衣草，桂花和柠檬和葡萄酒有关系吗？最后品酒也是有意思，服务人员就是脸上写了几个字：我要卖酒，解说毫无生气！我理解的程序，应该是先行介绍，到下一步再做下一步的动作，解说员是直接倒了酒，游客已经开始品尝了才开始说该怎么品，倒完了应该给游客时间去品，游客喝完了再过来解说第二种酒，而不是一直站旁边盯着，气氛尴尬，第一杯酒品完应该给一杯水漱口，再品和第二杯酒，而且连简单的配餐都没有，高端酒应该有品酒空间，而不是像大卖场一样，空间凌乱，摆放自由，最后送的自己灌酒也没有仪式感，服务人员在你刚摸着门路自己开始灌的时候突然冒出来，还反复确认验票，跟抓贼一样，货架上的酒品种很多，没有详细的介绍，用什么品种的葡萄酿的，口感如何？适合配什么餐？就看见大几百几千的价格，花了那么多钱建的文化宣传馆，游客也大老远的跑来，花这些钱，就体验这个？太差了！既然学了国外优秀的酿酒技术，那也好好学学怎么经营吧,2026-09-21 20:15:56,7
cdf6a3a56c11f5e2,携程景点点评,web_crawl_bs4_plus_api,you.ctrip.com,龙谕酒庄,https://you.ctrip.com/sight/yinchuan239/1414597.html?renderPlatform=,Rtollin,50,,2021-07-27 14:13:21,0,酒庄很有特色，还能品尝葡萄酒,2026-09-21 20:15:56,7
bbb68ed606e077bc,携程景点点评,web_crawl_bs4_plus_api,you.ctrip.com,龙谕酒庄,https://you.ctrip.com/sight/yinchuan239/1414597.html?renderPlatform=,YoYo_9L4H3D4B,50,,2021-07-21 17:46:30,1,欧式古堡，里面是葡萄酒博物馆，可以了解许多葡萄酒的知识，还有一层可以品酒，古堡外面就是葡萄园。非常美。,2026-09-21 20:15:56,7
3aba91df0cdbe1c4,携程景点点评,web_crawl_bs4_plus_api,you.ctrip.com,龙谕酒庄,https://you.ctrip.com/sight/yinchuan239/1414597.html?renderPlatform=,闵天阅,40,,2021-07-19 15:18:01,0,喝了两杯酒，还能自己罐装170ml一小瓶，酒文化的体验，有兴趣的可以逛一逛,2026-09-21 20:15:56,7
0b882d7f2de2e240,携程景点点评,web_crawl_bs4_plus_api,you.ctrip.com,龙谕酒庄,https://you.ctrip.com/sight/yinchuan239/1414597.html?renderPlatform=,汤汤,50,,2021-07-19 14:49:57,0,孩子玩得很开心。长见识了。,2026-09-21 20:15:56,7
fb620c94d43e6624,携程景点点评,web_crawl_bs4_plus_api,you.ctrip.com,龙谕酒庄,https://you.ctrip.com/sight/yinchuan239/1414597.html?renderPlatform=,汤汤,50,,2021-07-19 14:49:32,0,孩子玩的很开心，第一次允许两个孩子都尝了一点酒，就是咪了一丢丢。,2026-09-21 20:15:56,7
0ba32b89939bd198,携程景点点评,web_crawl_bs4_plus_api,you.ctrip.com,龙谕酒庄,https://you.ctrip.com/sight/yinchuan239/1414597.html?renderPlatform=,魔都魔男风之助,50,,2021-07-18 17:13:49,0,假装在国外系列，景色不错。,2026-09-21 20:15:56,7
2152736948422146,携程景点点评,web_crawl_bs4_plus_api,you.ctrip.com,龙谕酒庄,https://you.ctrip.com/sight/yinchuan239/1414597.html?renderPlatform=,沧海求心,40,,2021-07-16 23:19:59,1,由于疫情，只开放了酒堡，性价比不是很高,2026-09-21 20:15:56,7
678f58aa470a8e4e,携程景点点评,web_crawl_bs4_plus_api,you.ctrip.com,龙谕酒庄,https://you.ctrip.com/sight/yinchuan239/1414597.html?renderPlatform=,MisterZ,30,,2021-07-10 13:18:57,2,"一般般吧
基本没人，一圈兜完也就30分钟不到
有几个拍婚纱的，城堡看着还不错
内部很多项目都没看，投影的都没放
这票价有点不值
不推荐",2026-09-21 20:15:56,7
2732b36487f525ed,携程景点点评,web_crawl_bs4_plus_api,you.ctrip.com,龙谕酒庄,https://you.ctrip.com/sight/yinchuan239/1414597.html?renderPlatform=,ghost0810,30,,2021-07-10 08:34:25,2,其实吧，做的还挺好的，但是几乎所有设施要么坏了没人维护，要么没开，但是门票钱一分不少。既然设施不开放干嘛要收门票钱呢？最后装了两小瓶白兰地就当门票钱了,2026-09-21 20:15:56,7
1d822c9b23aa7767,携程景点点评,web_crawl_bs4_plus_api,you.ctrip.com,龙谕酒庄,https://you.ctrip.com/sight/yinchuan239/1414597.html?renderPlatform=,Michael,40,,2021-07-08 06:19:06,0,有趣的体验,2026-09-21 20:15:56,7
619928c526ff1a2e,携程景点点评,web_crawl_bs4_plus_api,you.ctrip.com,龙谕酒庄,https://you.ctrip.com/sight/yinchuan239/1414597.html?renderPlatform=,Michael,40,,2021-07-08 06:18:29,0,有趣的体验,2026-09-21 20:15:56,7
aa4fd2ba80cb563f,携程景点点评,web_crawl_bs4_plus_api,you.ctrip.com,龙谕酒庄,https://you.ctrip.com/sight/yinchuan239/1414597.html?renderPlatform=,言午景圓,40,,2021-06-30 17:47:53,0,性价比一般,2026-09-21 20:15:56,7
66c9b005f2c54982,携程景点点评,web_crawl_bs4_plus_api,you.ctrip.com,龙谕酒庄,https://you.ctrip.com/sight/yinchuan239/1414597.html?renderPlatform=,老椰,30,,2021-06-26 05:54:05,0,坐了快一个小时的车，终于在很偏远的地方找到了。服务人员服务很不错，就是在一个主城堡里参观，品酒，其他没什么可参观的。不过城堡拍片还是很不错的,2026-09-21 20:15:56,7
644403fa84d8068e,携程景点点评,web_crawl_bs4_plus_api,you.ctrip.com,龙谕酒庄,https://you.ctrip.com/sight/yinchuan239/1414597.html?renderPlatform=,幻域gg,30,,2021-06-19 22:52:26,0,可玩性低，有待改进，可以品尝两种酒，走时还送一小瓶！但其余地方总体体验感比较差，且路标不太明确，整个楼上空无一人，有种走鬼屋的感觉..体验一般，3星吧，有待提升！,2026-09-21 20:15:56,7
a185592d395b3e78,携程景点点评,web_crawl_bs4_plus_api,you.ctrip.com,龙谕酒庄,https://you.ctrip.com/sight/yinchuan239/1414597.html?renderPlatform=,小小大大莲,40,,2021-06-16 06:52:15,2,"在网上看可以免费参观，到地方了要买门票，不过包含了品尝两款酒＋DIY白兰地170毫升可以带走，女生主要去拍照，城堡还是可以的，品完酒也不会推销，还是我们自己主动问，买了四瓶性价比高实惠的红酒。总体感觉还是可以
凭门票买酒打八折，现在想起来我们买的酒没有打八折",2026-09-21 20:15:56,8
5f2e66aa365992ab,携程景点点评,web_crawl_bs4_plus_api,you.ctrip.com,龙谕酒庄,https://you.ctrip.com/sight/yinchuan239/1414597.html?renderPlatform=,YoYo_6R1Z1R0R,30,,2021-06-08 16:07:58,1,正午去的好处是地窖很凉快！很多项目没开放，检了票进去后，就是自由闲逛状态。送的酒，还没出大门，就漏了。本以为小朋友可以了解一些葡萄酒知识，大人可以品酒，结果都是马虎应对。不值得专程去！门票就更不值了。路过，门口拍两张，足够了！,2026-09-21 20:15:56,8
65f64bad56ec629b,携程景点点评,web_crawl_bs4_plus_api,you.ctrip.com,龙谕酒庄,https://you.ctrip.com/sight/yinchuan239/1414597.html?renderPlatform=,往事如烟323,20,,2021-05-29 22:07:14,1,这么贵的门票，可看性非常一般，没啥游客，城堡阴森，人走过感应灯才亮，感觉怕怕的，不太明白这种没人气的地方为何还要收费，不推荐。,2026-09-21 20:15:56,8
7e67855f4e3ffd2b,携程景点点评,web_crawl_bs4_plus_api,you.ctrip.com,龙谕酒庄,https://you.ctrip.com/sight/yinchuan239/1414597.html?renderPlatform=,YoYo_2Z5M7F4U,10,,2021-05-29 00:05:52,0,非常不值得去,2026-09-21 20:15:56,8
dae834e8381bcd0d,携程景点点评,web_crawl_bs4_plus_api,you.ctrip.com,龙谕酒庄,https://you.ctrip.com/sight/yinchuan239/1414597.html?renderPlatform=,YoYo_4O5H1J6S,50,,2021-05-21 12:52:30,0,总体超赞，景色不错，中国酿酒历史意义,2026-09-21 20:15:56,8
37cffc77718f44e8,携程景点点评,web_crawl_bs4_plus_api,you.ctrip.com,龙谕酒庄,https://you.ctrip.com/sight/yinchuan239/1414597.html?renderPlatform=,YoYo_4O5H1J6S,50,,2021-05-21 12:52:01,0,景色不错，有趣好玩，总体超赞，中国酿酒历史,2026-09-21 20:15:56,8
2cf4f612d042465b,携程景点点评,web_crawl_bs4_plus_api,you.ctrip.com,龙谕酒庄,https://you.ctrip.com/sight/yinchuan239/1414597.html?renderPlatform=,YoYo_9M7Z2X2S,50,,2021-05-20 03:16:00,0,这家店的地段不错 里面的东西也很不错,2026-09-21 20:15:56,8
5d881c9db07ceb2f,携程景点点评,web_crawl_bs4_plus_api,you.ctrip.com,龙谕酒庄,https://you.ctrip.com/sight/yinchuan239/1414597.html?renderPlatform=,esharn1208,40,,2021-05-19 11:28:30,1,总体不错，非常值得去看看，品味一下国产红酒,2026-09-21 20:15:56,8
f62b01658e0294dc,携程景点点评,web_crawl_bs4_plus_api,you.ctrip.com,龙谕酒庄,https://you.ctrip.com/sight/yinchuan239/1414597.html?renderPlatform=,okjsz,20,,2021-05-18 21:31:45,0,很一般，在网上买票，80元，如到现场买需要100以上，里面很乱，黑暗暗，没什么可看，就一条很普通生产线，一点点，满是灰尘，没有生产，停放摆设。墙上摆了很多说明文字。在出口处摆设了红酒推销。景色一般，可玩性低，性价比低，有待改进，,2026-09-21 20:15:56,8
0c630ffe0ccf402b,携程景点点评,web_crawl_bs4_plus_api,you.ctrip.com,龙谕酒庄,https://you.ctrip.com/sight/yinchuan239/1414597.html?renderPlatform=,兔酱不乖,40,,2021-05-10 21:59:58,2,景色不错，夕阳下光线很好拍。如果需要品酒的话可以买门票，不品酒只参观的话可以免费进去拍照。游览路线是直接从正门进就可以了，票面和导览的路线图不准，空中走廊那的球面影城也关闭了。,2026-09-21 20:15:56,8
8f94fe5e0c0d6535,携程景点点评,web_crawl_bs4_plus_api,you.ctrip.com,龙谕酒庄,https://you.ctrip.com/sight/yinchuan239/1414597.html?renderPlatform=,Danielllllllll,50,,2021-05-07 23:21:29,0,酒庄建筑风格是真的很美，有美酒品尝体验。,2026-09-21 20:15:56,8
51c9def157c7da30,携程景点点评,web_crawl_bs4_plus_api,you.ctrip.com,龙谕酒庄,https://you.ctrip.com/sight/yinchuan239/1414597.html?renderPlatform=,壹砂木木🦌,50,,2021-05-04 18:32:19,2,给高分完全是因为卖酒的小姐姐们人还不错。如果单纯为了拍照去，是个不错的地方，但也仅限于拍照了。好多设施都不大好用，葡萄酒加工的产险也没在运作，参观的介绍也要靠小程序，但网络时常不好。其实有点失望，本来是想去汲取知识的，但变成了走马观花。,2026-09-21 20:15:56,8
21f6bc5e8ac8a5cd,携程景点点评,web_crawl_bs4_plus_api,you.ctrip.com,龙谕酒庄,https://you.ctrip.com/sight/yinchuan239/1414597.html?renderPlatform=,玻璃小小小娃娃,40,,2021-05-03 23:47:15,0,庄园很漂亮非常适合拍照，门票包括参观酒窖，主楼，两小瓶白兰地，品酒。劳动节标签打印还坏了，生产线也没有开，夏天应该可以看到满园葡萄,2026-09-21 20:15:56,8
4240499a1a74d35a,携程景点点评,web_crawl_bs4_plus_api,you.ctrip.com,龙谕酒庄,https://you.ctrip.com/sight/yinchuan239/1414597.html?renderPlatform=,Abbey_徐,50,,2021-04-29 10:59:39,3,总体来说还是不错的，了解葡萄酒文化，品尝葡萄酒，听说有葡萄的季节还可以体验采摘,2026-09-21 20:15:56,8
9361a859f3fc566f,携程景点点评,web_crawl_bs4_plus_api,you.ctrip.com,龙谕酒庄,https://you.ctrip.com/sight/yinchuan239/1414597.html?renderPlatform=,逍遥灬灬,50,,2021-04-28 10:14:48,0,挺不错的体验。酒好喝。可以推荐朋友来这里看看 体验感很高  好评,2026-09-21 20:15:56,8
dd416303ac539ff4,携程景点点评,web_crawl_bs4_plus_api,you.ctrip.com,龙谕酒庄,https://you.ctrip.com/sight/yinchuan239/1414597.html?renderPlatform=,Gary_Chan.,50,,2021-04-06 23:05:16,0,酒庄内的休闲旅游还是不错的，环境清幽，还能亲自参与灌酒，门票还包含了一小瓶白兰地，挺实惠的，酒庄现在也是银川一个比较知名的旅游名片了，有空还是值得一来的,2026-09-21 20:15:56,8
c2410d04727ba290,携程景点点评,web_crawl_bs4_plus_api,you.ctrip.com,龙谕酒庄,https://you.ctrip.com/sight/yinchuan239/1414597.html?renderPlatform=,星坠漫千山呀,50,,2021-04-06 14:45:24,0,红酒很好喝，景色不错，酒窖不错，总体超赞，有趣好玩，性价比高，,2026-09-21 20:15:56,8
b4be51aa9bd0cf55,携程景点点评,web_crawl_bs4_plus_api,you.ctrip.com,龙谕酒庄,https://you.ctrip.com/sight/yinchuan239/1414597.html?renderPlatform=,恨痴客,50,,2021-03-28 21:53:47,0,这个东东太好了，下次还会去的！！！！,2026-09-21 20:15:56,8
a0dbe1e981699e1f,携程景点点评,web_crawl_bs4_plus_api,you.ctrip.com,龙谕酒庄,https://you.ctrip.com/sight/yinchuan239/1414597.html?renderPlatform=,YoYo_6A2X2V3T,50,,2021-03-24 11:53:53,2,"张裕摩塞尔十五世酒庄
据说宁夏的这个张裕酒庄据说是坐落在最适合葡萄生产的北纬38度附近，有兴趣的朋友们可以去试试看。但是！对于我们拍照少女而言！这里简直就是不出国门出大片的圣地啊！！！
作为不喝酒星人过去只是为了拍拍照。如果有相同爱好的朋友们可以往下看啦。场景及建筑很有欧洲风格，但细节上还是会有瑕疵，不过只是为了拍照的话问题不大，建议尽量选择远景。
这种建筑风格建议搭配的衣服还是要选择复古一些，这次选了一条黑色长裙，在阳光下和房间内都超有感觉，在逃公主没跑了。",2026-09-21 20:15:56,8
7955198c3b8b1ec5,携程景点点评,web_crawl_bs4_plus_api,you.ctrip.com,龙谕酒庄,https://you.ctrip.com/sight/yinchuan239/1414597.html?renderPlatform=,YoYo_0H5M5K4N,50,,2021-03-24 11:36:31,0,"【景色】偏欧式城堡，拍照打卡首选之地

【趣味】品尝两款葡萄酒，罐装DIY白兰地",2026-09-21 20:15:56,8
62b8793d5abbdad2,携程景点点评,web_crawl_bs4_plus_api,you.ctrip.com,龙谕酒庄,https://you.ctrip.com/sight/yinchuan239/1414597.html?renderPlatform=,YoYo_3N4X9O9E,50,,2021-03-10 09:26:33,1,交通:乘坐36路或者54路都是可以到酒庄的，或者从怀远打车过来大概15元左右，交通还是挺便利的。推荐理由:它的城堡🏯是欧式的风格在当地也是少见的，里面的话可以参观神秘的大酒窖，还有个性化定制酒这个是真的好，把家人的照片做成酒标，也很有纪念意义的。讲解员也不错哦。特别甜,2026-09-21 20:15:56,8
1bd472132e6d4633,携程景点点评,web_crawl_bs4_plus_api,you.ctrip.com,龙谕酒庄,https://you.ctrip.com/sight/yinchuan239/1414597.html?renderPlatform=,YoYo_6A2X2V3T,50,,2021-03-10 09:12:13,4,"国内产红酒最好的地方就是贺兰山脉附近的酒庄了，贺兰山脉阻隔了西伯利亚的寒潮，全年光照充足，非常适合种植葡萄，甜度高适合酿酒…银川贺兰山脉下分布着大大小小不少的酒庄，还有些是很ins风的酒庄，最后我还是选了古堡风的张裕，总感觉红酒就应该古堡风情
我们全程自驾，张裕离银川市区35公里左右，因为离西夏皇陵不远，很推荐上午去西夏皇陵下午来酒庄。
秋天的酒庄好看，叶子金黄色和枯红色，好配古堡，多了份温柔和复古。很推荐酒红色穿搭门票建议提前买，门票含讲解员的讲解和品尝美酒，性价比尚可，服务很周到。
全程可以看到葡萄酒整体的生产线过程、地窖藏酒处、张裕的发展历史和葡萄酒相关知识的博物馆，园区内面积也很大，古堡的周围都是葡萄种植区，可惜我们去得时候已经过了丰收的季节，看不到藤蔓上的累累硕果。还有好几对在拍婚纱照，欧式风格的古堡的确适合拍…
最后参观完以后工作人员会介绍几款酒，也可以品尝，还送了每人一小瓶高浓度白兰地。
出口处有商品厅，爱酒的朋友可以选购一些，工作人员介绍快递运回就可以了。
整体来说还是很值得前来，不但了解了葡萄酒的知识，园区也很漂亮适合打卡拍照",2026-09-21 20:15:56,8
7cec6380c1f05171,携程景点点评,web_crawl_bs4_plus_api,you.ctrip.com,龙谕酒庄,https://you.ctrip.com/sight/yinchuan239/1414597.html?renderPlatform=,YoYo_0H5M5K4N,50,,2021-03-10 09:08:29,0,"【景色】纯欧式的建筑风格，大西北的一处亮点

【趣味】品尝的两款酒🍷味道不错，还有一瓶白兰地

【性价比】来了有讲解员带着，很划算的80",2026-09-21 20:15:56,8
6f6c03efa50761a4,携程景点点评,web_crawl_bs4_plus_api,you.ctrip.com,龙谕酒庄,https://you.ctrip.com/sight/yinchuan239/1414597.html?renderPlatform=,YoYo_6A2X2V3T,50,,2021-03-02 09:27:38,0,比较喜欢葡萄酒，适合拍照打卡，有好多拍婚纱照的，好多红酒爱好者。,2026-09-21 20:15:56,8
4a9df098365258b7,携程景点点评,web_crawl_bs4_plus_api,you.ctrip.com,龙谕酒庄,https://you.ctrip.com/sight/yinchuan239/1414597.html?renderPlatform=,YoYo_0H5M5K4N,50,,2021-03-02 09:12:24,0,坐公交过来的感觉还不是很远，买完票之后还有姜茶和有一个小姐姐带我们去转讲解了很多葡萄酒知识。😉😉😉,2026-09-21 20:15:56,8
b1d00c8de36c3ab2,携程景点点评,web_crawl_bs4_plus_api,you.ctrip.com,龙谕酒庄,https://you.ctrip.com/sight/yinchuan239/1414597.html?renderPlatform=,YoYo_0H5M5K4N,50,,2021-02-28 09:21:20,0,昨天来还是晴空万里，今天就雨雪绵绵，衬着古堡有种神秘感。朋友带我们来的，有人带我们讲解，感觉受益匪浅,2026-09-21 20:15:56,8
947d977d4f3c3c06,携程景点点评,web_crawl_bs4_plus_api,you.ctrip.com,龙谕酒庄,https://you.ctrip.com/sight/yinchuan239/1414597.html?renderPlatform=,Voyager 0,40,,2021-02-20 23:49:18,1,"2021年1月19日
因为是在冬天参观的人比较少，一楼可以看到红酒的加工过程，地下室的灯光比较暗，很多地方封闭了没有开放，楼上可以看到酒庄的介绍，还是比较适合拍照的
【景色】",2026-09-21 20:15:56,8
8cdd5aa507cae0ee,携程景点点评,web_crawl_bs4_plus_api,you.ctrip.com,龙谕酒庄,https://you.ctrip.com/sight/yinchuan239/1414597.html?renderPlatform=,Duaneyanan,50,,2021-02-19 21:09:51,0,酒庄是不错，但是送的小礼品太丑了，跌份,2026-09-21 20:15:56,8
0672180532e0ac49,携程景点点评,web_crawl_bs4_plus_api,you.ctrip.com,龙谕酒庄,https://you.ctrip.com/sight/yinchuan239/1414597.html?renderPlatform=,黑色LC,40,,2021-02-18 13:18:27,0,景色还可以。,2026-09-21 20:15:56,8
51af61523285c61a,携程景点点评,web_crawl_bs4_plus_api,you.ctrip.com,龙谕酒庄,https://you.ctrip.com/sight/yinchuan239/1414597.html?renderPlatform=,YoYo_6F3U3V0H,40,,2021-02-16 20:45:07,0,景色不错，总体超赞，,2026-09-21 20:15:56,8
3eb57047e2fd86fb,携程景点点评,web_crawl_bs4_plus_api,you.ctrip.com,龙谕酒庄,https://you.ctrip.com/sight/yinchuan239/1414597.html?renderPlatform=,YoYo_6F3U3V0H,40,,2021-02-16 20:44:53,0,景色不错，有趣好玩，,2026-09-21 20:15:56,8
20efb7d6f7110b00,携程景点点评,web_crawl_bs4_plus_api,you.ctrip.com,龙谕酒庄,https://you.ctrip.com/sight/yinchuan239/1414597.html?renderPlatform=,旅耗子,50,,2021-02-02 20:17:11,5,"关于葡萄酒的知识很多，可以带小朋友体验装酒。可以品酒，但是固定的一款。
特别适合拍照片，可以假装在国外。
但周边产品不是很多。",2026-09-21 20:15:56,8
ae8279d073dcd423,携程景点点评,web_crawl_bs4_plus_api,you.ctrip.com,龙谕酒庄,https://you.ctrip.com/sight/yinchuan239/1414597.html?renderPlatform=,YoYo_0H5M5K4N,50,,2021-02-02 16:02:42,0,特地约了朋友出来拍照片，酒庄真的是太好看了，还有小姐姐免费讲解，服务挺好。,2026-09-21 20:15:56,8
48bc19ecfbc0cc35,携程景点点评,web_crawl_bs4_plus_api,you.ctrip.com,龙谕酒庄,https://you.ctrip.com/sight/yinchuan239/1414597.html?renderPlatform=,YoYo_0H5M5K4N,50,,2021-01-28 10:58:47,0,从中卫过来的，拍照很好看，有讲解员拍照，讲解，效果不错，想着夏天再来一次,2026-09-21 20:15:56,8
08fc7c3e01efa709,携程景点点评,web_crawl_bs4_plus_api,you.ctrip.com,龙谕酒庄,https://you.ctrip.com/sight/yinchuan239/1414597.html?renderPlatform=,YoYo_0H5M5K4N,50,,2021-01-26 13:32:56,1,酒庄很好看，感觉来酒庄有讲解员带还是收获很多，能学到不少葡萄酒知识，服务很好，还有热姜茶临走做了两瓶酒带走了,2026-09-21 20:15:56,8
553952e36de8c043,携程景点点评,web_crawl_bs4_plus_api,you.ctrip.com,龙谕酒庄,https://you.ctrip.com/sight/yinchuan239/1414597.html?renderPlatform=,YoYo_0H5M5K4N,50,,2021-01-16 16:23:12,1,这样的雪景真的是爱了爱了❤️，票上提前定好的，有讲解员带我们转了一圈，讲了很多的葡萄酒🍷🍷知识，平常也没接触过这些，感觉受益匪浅，还有热姜茶，女孩子来这里太幸福了😉😉,2026-09-21 20:15:56,8
5324f6bfacb753fa,携程景点点评,web_crawl_bs4_plus_api,you.ctrip.com,龙谕酒庄,https://you.ctrip.com/sight/yinchuan239/1414597.html?renderPlatform=,YoYo_0H5M5K4N,50,,2021-01-14 09:31:06,0,张裕摩塞尔15世酒庄真的是美爆了呀！还做了一瓶个性化定制酒，真的是太有纪念性意义了。,2026-09-21 20:15:56,8
d9771825999b0088,携程景点点评,web_crawl_bs4_plus_api,you.ctrip.com,龙谕酒庄,https://you.ctrip.com/sight/yinchuan239/1414597.html?renderPlatform=,YoYo_0H5M5K4N,50,,2021-01-13 10:08:51,0,"在网上订的票，换取票据之后呢，讲解员小姐姐带我们介绍了一下酒庄的一些酒文化知识。
里面还有姜茶服务，感觉这次宁夏之旅真的是太棒了呀！",2026-09-21 20:15:56,8
b05f106659b2ac0c,携程景点点评,web_crawl_bs4_plus_api,you.ctrip.com,龙谕酒庄,https://you.ctrip.com/sight/yinchuan239/1414597.html?renderPlatform=,FR89757,50,,2021-01-10 06:11:19,0,张裕集团位于宁夏的一个小酒庄，地方挺好找，导航一会就到，🈶一些中西结合的油画，挺棒👍🏻陶冶情操，转转挺好，性价比高！,2026-09-21 20:15:56,8
c0380f4031f8a04b,携程景点点评,web_crawl_bs4_plus_api,you.ctrip.com,龙谕酒庄,https://you.ctrip.com/sight/yinchuan239/1414597.html?renderPlatform=,YoYo_6P1P6M6H,40,,2021-01-08 16:26:31,0,这里值得一去,2026-09-21 20:15:56,8
5739ef53d9bec42b,携程景点点评,web_crawl_bs4_plus_api,you.ctrip.com,龙谕酒庄,https://you.ctrip.com/sight/yinchuan239/1414597.html?renderPlatform=,YoYo_0H5M5K4N,50,,2020-12-27 10:06:05,0,宁夏规模最大的酒庄，张裕摩赛尔十五世酒庄，性价比高。,2026-09-21 20:15:56,8
70d34c84aa5fa48a,携程景点点评,web_crawl_bs4_plus_api,you.ctrip.com,龙谕酒庄,https://you.ctrip.com/sight/yinchuan239/1414597.html?renderPlatform=,YoYo_0F6S4D3Q,40,,2020-12-26 21:23:23,0,交通很便利，景色很美，喜欢葡萄酒文化的，值得一去,2026-09-21 20:15:56,8
ebd582ea5e447827,携程景点点评,web_crawl_bs4_plus_api,you.ctrip.com,龙谕酒庄,https://you.ctrip.com/sight/yinchuan239/1414597.html?renderPlatform=,YoYo_0F6S4D3Q,40,,2020-12-23 09:21:00,0,今日打卡：宁夏张裕摩塞尔十五世酒庄。一个有酒还可以做公主梦的城堡，下次一定要秋天去！,2026-09-21 20:15:56,8
60dca4ce7f3a9f66,携程景点点评,web_crawl_bs4_plus_api,you.ctrip.com,龙谕酒庄,https://you.ctrip.com/sight/yinchuan239/1414597.html?renderPlatform=,YoYo_0H5M5K4N,50,,2020-12-23 09:20:30,0,张裕摩塞尔15世酒庄性价比高，门票划算，包含两款啤酒，还有DIY白兰地罐装，，真的是太喜欢这个地方了！！,2026-09-21 20:15:56,8
c85d0ba1454b0cb4,携程景点点评,web_crawl_bs4_plus_api,you.ctrip.com,龙谕酒庄,https://you.ctrip.com/sight/yinchuan239/1414597.html?renderPlatform=,YoYo_0F6S4D3Q,40,,2020-12-22 19:44:51,0,是一个没有让我失望地方，这里的风格真的很喜欢，可以在这溜达拍照一整天,2026-09-21 20:15:56,8
2ef185e7a848d110,携程景点点评,web_crawl_bs4_plus_api,you.ctrip.com,龙谕酒庄,https://you.ctrip.com/sight/yinchuan239/1414597.html?renderPlatform=,YoYo_0H5M5K4N,50,,2020-12-22 19:17:58,0,张裕摩塞尔十五世酒庄，感觉比想象中更好看，性价比高，门票划算，最主要是风格跟欧式城堡一样，爱了爱了😁😁😁,2026-09-21 20:15:56,8
641a7ad262ef103e,携程景点点评,web_crawl_bs4_plus_api,you.ctrip.com,龙谕酒庄,https://you.ctrip.com/sight/yinchuan239/1414597.html?renderPlatform=,YoYo_0Z2O3J1U,50,,2020-12-21 15:34:37,0,"带朋友过来的，欧式的建筑风格拍照真的很nice
~",2026-09-21 20:15:56,8
45d136d742cf96e1,携程景点点评,web_crawl_bs4_plus_api,you.ctrip.com,龙谕酒庄,https://you.ctrip.com/sight/yinchuan239/1414597.html?renderPlatform=,YoYo_0F6S4D3Q,40,,2020-12-21 15:14:04,0,和闺蜜一起来打卡，拍了很多的好看的照片，喜欢欢～,2026-09-21 20:15:56,8
be36d915fee383e6,携程景点点评,web_crawl_bs4_plus_api,you.ctrip.com,龙谕酒庄,https://you.ctrip.com/sight/yinchuan239/1414597.html?renderPlatform=,YoYo_0H5M5K4N,50,,2020-12-21 14:31:02,0,"欧式城堡🏰，很好看的打卡圣地，门票划算
 
还有拍婚纱的新人，真的是爱了爱了",2026-09-21 20:15:56,8
b4f113d00fbc5f53,携程景点点评,web_crawl_bs4_plus_api,you.ctrip.com,龙谕酒庄,https://you.ctrip.com/sight/yinchuan239/1414597.html?renderPlatform=,YoYo_3K1T3F7D,50,,2020-12-20 10:16:26,0,"强烈推荐贺兰山东麓的酒庄非常多，但是这家是最成熟的，酒窖最大，就是放橡木桶的地方能开放就好了
【景色】城堡非常气派",2026-09-21 20:15:56,8
d0727c922f74ea16,携程景点点评,web_crawl_bs4_plus_api,you.ctrip.com,龙谕酒庄,https://you.ctrip.com/sight/yinchuan239/1414597.html?renderPlatform=,YoYo_0F6S4D3Q,40,,2020-12-20 10:09:51,0,真的好美呀，冬季人比较少，和朋友来拍各种大片，冷了还有小姐姐给倒姜茶，好棒呀～,2026-09-21 20:15:56,9
32e0eaced141e7f8,携程景点点评,web_crawl_bs4_plus_api,you.ctrip.com,龙谕酒庄,https://you.ctrip.com/sight/yinchuan239/1414597.html?renderPlatform=,YoYo_0H5M5K4N,50,,2020-12-20 10:06:18,0,整座城堡都非常的好看，来的时候人虽然很少，但是真的很好看。来的时候看到几对拍婚纱的新郎新娘真的是甜到爆呀！门票很划算，80元里面包含一个罐装白兰地。还有一个品酒听说品德这两款酒都是出口欧洲的。,2026-09-21 20:15:56,9
dc9dd4ae98d5a8ed,携程景点点评,web_crawl_bs4_plus_api,you.ctrip.com,龙谕酒庄,https://you.ctrip.com/sight/yinchuan239/1414597.html?renderPlatform=,YoYo_0F6S4D3Q,40,,2020-12-18 09:59:07,0,景色很美，虽然天气比较冷，人比较少，但是自己悠然的逛逛也很享受，还有工作人员提供暖心的茶水，很贴心的服务,2026-09-21 20:15:56,9
796d86a63369f419,携程景点点评,web_crawl_bs4_plus_api,you.ctrip.com,龙谕酒庄,https://you.ctrip.com/sight/yinchuan239/1414597.html?renderPlatform=,YoYo_3K1T3F7D,50,,2020-12-18 08:41:58,1,第一次来宁夏，非常喜欢葡萄酒文化，第一站来到了张裕摩塞尔酒庄，说实话确实非常棒，酒庄非常的独特，服务也很细致，一次非常值得的旅行,2026-09-21 20:15:56,9
563654851d9a34eb,携程景点点评,web_crawl_bs4_plus_api,you.ctrip.com,龙谕酒庄,https://you.ctrip.com/sight/yinchuan239/1414597.html?renderPlatform=,YoYo_0H5M5K4N,50,,2020-12-18 08:36:29,0,"淡季嘛，去的时候人不多。感觉整个城堡都是自己的，有种宫廷的感觉。
【景色】昨天被雪盖住的城堡跟欧式宫殿一样。很梦幻好看。
【趣味】他的活动有品两款酒，还有DIY白兰地，感觉活动还是比较丰富的。
【性价比】听说之前的价格是100块钱，现在打折下来十八十元，性价比比较高。还包括两个项目。很值得一去的呀！！

去的时候碰到他们在拍水晶球。感觉真的倒映过来的。好好看呀！",2026-09-21 20:15:56,9
9b950c1f7b918db5,携程景点点评,web_crawl_bs4_plus_api,you.ctrip.com,龙谕酒庄,https://you.ctrip.com/sight/yinchuan239/1414597.html?renderPlatform=,YoYo_9J9J9U4X,50,,2020-12-17 10:18:03,0,景色很优美，值得再去一次，超级棒！,2026-09-21 20:15:56,9
bd2131b60718922d,携程景点点评,web_crawl_bs4_plus_api,you.ctrip.com,龙谕酒庄,https://you.ctrip.com/sight/yinchuan239/1414597.html?renderPlatform=,YoYo_3K1T3F7D,50,,2020-12-17 09:15:16,0,"前两天刚去的，就是冬季人特别少，还不错门口进去会送一杯茶挺好喝，不知道拿什么做的，里面有点子语音的讲解可以省100讲解费
【景色】
【景色】",2026-09-21 20:15:56,9
6a010f6e65c69ede,携程景点点评,web_crawl_bs4_plus_api,you.ctrip.com,龙谕酒庄,https://you.ctrip.com/sight/yinchuan239/1414597.html?renderPlatform=,YoYo_6N0D6N0D,50,,2020-12-12 15:43:28,0,里面挺不错的，能看到酒庄！性价比高，,2026-09-21 20:15:56,9
5b7eb09c7f038bbd,携程景点点评,web_crawl_bs4_plus_api,you.ctrip.com,龙谕酒庄,https://you.ctrip.com/sight/yinchuan239/1414597.html?renderPlatform=,窝窝头12,40,,2020-12-08 20:09:53,0,宁夏摩塞尔庄园主楼呈拜占庭式建筑风格，酒庄主楼四面环水，独特的雾化效果，给人以云雾缭绕人间仙境一般的感觉。从酿葡萄酒的源头开始介绍，然后参观工厂，感受到里面的各种体验项目，最后还可以品尝到里面的特色红酒。,2026-09-21 20:15:56,9
27f9acaa787a9861,携程景点点评,web_crawl_bs4_plus_api,you.ctrip.com,龙谕酒庄,https://you.ctrip.com/sight/yinchuan239/1414597.html?renderPlatform=,叶箫,40,,2020-12-04 08:06:17,0,去买了不少酒哈哈哈哈,2026-09-21 20:15:56,9
eb9f57159c414bc4,携程景点点评,web_crawl_bs4_plus_api,you.ctrip.com,龙谕酒庄,https://you.ctrip.com/sight/yinchuan239/1414597.html?renderPlatform=,YoYo_8J5Z1P2C,50,,2020-12-02 10:22:33,0,总体超赞，,2026-09-21 20:15:56,9
269c9e10fccb3713,携程景点点评,web_crawl_bs4_plus_api,you.ctrip.com,龙谕酒庄,https://you.ctrip.com/sight/yinchuan239/1414597.html?renderPlatform=,YoYo_2B1S1U7G,50,,2020-12-02 06:53:04,0,景色不错，,2026-09-21 20:15:56,9
4b71fe19bbb61b90,携程景点点评,web_crawl_bs4_plus_api,you.ctrip.com,龙谕酒庄,https://you.ctrip.com/sight/yinchuan239/1414597.html?renderPlatform=,斯文在兹 儒雅在彼,50,,2020-11-09 12:22:42,0,性价比高，总体超赞，有趣好玩，景色不错，学习到许多红酒知识也了解到许多历史一层为接待大厅，灌装生产线、影视厅、 DIY制作区；二层为葡萄酒博物馆；三层为多功能区，包括葡萄酒学院、OIV教室、会议室。地下一层为酒窖和贵宾品酒室。,2026-09-21 20:15:56,9
20a0de7d0454a422,携程景点点评,web_crawl_bs4_plus_api,you.ctrip.com,龙谕酒庄,https://you.ctrip.com/sight/yinchuan239/1414597.html?renderPlatform=,sunday_sunday,50,,2020-10-31 03:27:12,0,临时决定去，当场买票，赶在最后两个小时入园，转了一圈，风景优美，了解下葡萄酒。,2026-09-21 20:15:56,9
7f4f60d0f75e8ac1,携程景点点评,web_crawl_bs4_plus_api,you.ctrip.com,龙谕酒庄,https://you.ctrip.com/sight/yinchuan239/1414597.html?renderPlatform=,Rtollin,50,,2020-10-27 10:41:38,0,酒庄离市区不远，可以参观整个酿酒流程，出来后可以品酒，还不错,2026-09-21 20:15:56,9
583b3e101063e36d,携程景点点评,web_crawl_bs4_plus_api,you.ctrip.com,龙谕酒庄,https://you.ctrip.com/sight/yinchuan239/1414597.html?renderPlatform=,Alyson_Sun,50,,2020-10-27 04:55:07,0,属实一般般,2026-09-21 20:15:56,9
a4713138a72ad307,携程景点点评,web_crawl_bs4_plus_api,you.ctrip.com,龙谕酒庄,https://you.ctrip.com/sight/yinchuan239/1414597.html?renderPlatform=,YoYo_6W5A6K0D,50,,2020-10-25 12:02:14,0,去的时候是10月24日，算淡季了，人很少，但庄园很美，设计的参观线路也很合理，最后有品酒环节（干红和干白），还有DIY白兰地可以带走，费用都算在门票内。,2026-09-21 20:15:56,9
f26a41a0bec8af97,携程景点点评,web_crawl_bs4_plus_api,you.ctrip.com,龙谕酒庄,https://you.ctrip.com/sight/yinchuan239/1414597.html?renderPlatform=,Duaneyanan,50,,2020-10-22 16:15:32,0,小赠品有点敷衍呢，丢了,2026-09-21 20:15:56,9
05c3ad7c0b067f87,携程景点点评,web_crawl_bs4_plus_api,you.ctrip.com,龙谕酒庄,https://you.ctrip.com/sight/yinchuan239/1414597.html?renderPlatform=,YoYo_6G7T2W0O,30,,2020-10-21 21:48:31,1,品的两款酒还可以，带走的酒不好喝，像劲酒一样的味道,2026-09-21 20:15:56,9
1565f3482167c54e,携程景点点评,web_crawl_bs4_plus_api,you.ctrip.com,龙谕酒庄,https://you.ctrip.com/sight/yinchuan239/1414597.html?renderPlatform=,叮当岁月,10,,2020-10-19 10:27:29,0,门票贵，酒更贵，人稀少，不值得去,2026-09-21 20:15:56,9
473c7d26e85d22d7,携程景点点评,web_crawl_bs4_plus_api,you.ctrip.com,龙谕酒庄,https://you.ctrip.com/sight/yinchuan239/1414597.html?renderPlatform=,香槟金123,40,,2020-10-18 18:11:00,0,张裕摩塞尔十五世酒庄，有餐厅对外营业，套餐价格不菲，当地人都在那里举行婚礼。我在黄昏时拍的照片。,2026-09-21 20:15:56,9
8a42069a20763aea,携程景点点评,web_crawl_bs4_plus_api,you.ctrip.com,龙谕酒庄,https://you.ctrip.com/sight/yinchuan239/1414597.html?renderPlatform=,YoYo_1O9V1C8F,40,,2020-10-18 17:04:33,0,。。。。。,2026-09-21 20:15:56,9
b4a4f713fa9e321d,携程景点点评,web_crawl_bs4_plus_api,you.ctrip.com,龙谕酒庄,https://you.ctrip.com/sight/yinchuan239/1414597.html?renderPlatform=,xiaokejie,50,,2020-10-16 08:01:40,0,值得推荐，很不错的酒庄！,2026-09-21 20:15:56,9
ca5e5bc691cd2a56,携程景点点评,web_crawl_bs4_plus_api,you.ctrip.com,龙谕酒庄,https://you.ctrip.com/sight/yinchuan239/1414597.html?renderPlatform=,YoYo_3K1T3F7D,50,,2020-10-15 09:59:01,1,来的时候有好多孩子在研学，景色非常棒，就是来晚了没有葡萄下架了，太遗憾了。里面博物馆有很多的知识，喜欢葡萄酒的可以来学习下。全程有免费讲解，后面品的两款酒也不错,2026-09-21 20:15:56,9
0f35684c787f0600,携程景点点评,web_crawl_bs4_plus_api,you.ctrip.com,龙谕酒庄,https://you.ctrip.com/sight/yinchuan239/1414597.html?renderPlatform=,00女士,40,,2020-10-14 15:51:02,0,体验很好，值得推荐，可以免费品尝葡萄酒，临走还有小礼物赠送。,2026-09-21 20:15:56,9
6bfa885f5fd53c4c,携程景点点评,web_crawl_bs4_plus_api,you.ctrip.com,龙谕酒庄,https://you.ctrip.com/sight/yinchuan239/1414597.html?renderPlatform=,YoYo_7O8S4E4C,50,,2020-10-13 11:13:16,1,景色很好，欧洲建筑，适合拍照，有免费讲解，和品酒，不错，可以增长红酒的知识,2026-09-21 20:15:56,9
a892d143552a711a,携程景点点评,web_crawl_bs4_plus_api,you.ctrip.com,龙谕酒庄,https://you.ctrip.com/sight/yinchuan239/1414597.html?renderPlatform=,Cherry_Q,50,,2020-10-13 00:25:20,0,参观布置的一般，葡萄味道不错，场地也不错，买了堆红酒回去喝，酒庄出去的酒很不错,2026-09-21 20:15:56,9
c46795a25d1721a4,携程景点点评,web_crawl_bs4_plus_api,you.ctrip.com,龙谕酒庄,https://you.ctrip.com/sight/yinchuan239/1414597.html?renderPlatform=,dldashi,50,,2020-10-08 22:59:03,1,位置还可以，不是太远，火车站附近有公交车可达。中国葡萄酒文化的传承在这里体现，服务也很好，拍照很漂亮，还吃到了葡萄，买了一瓶红酒，酒标可以用自己的照片。体验很好，有趣好玩，景色不错，值得推荐，,2026-09-21 20:15:56,9
eef0f4bc69a89dfb,携程景点点评,web_crawl_bs4_plus_api,you.ctrip.com,龙谕酒庄,https://you.ctrip.com/sight/yinchuan239/1414597.html?renderPlatform=,王光宏,50,,2020-10-07 11:49:00,0,第一参观学习，很好。,2026-09-21 20:15:56,9
88a60e91942a6ff0,携程景点点评,web_crawl_bs4_plus_api,you.ctrip.com,龙谕酒庄,https://you.ctrip.com/sight/yinchuan239/1414597.html?renderPlatform=,那个年代,40,,2020-10-04 18:07:39,0,"里面环境很高，城堡美轮美奂。
一般1小时就转完了，讲解员讲着讲着自己不见了，性价比一般。",2026-09-21 20:15:56,9
1783993be9f63441,携程景点点评,web_crawl_bs4_plus_api,you.ctrip.com,龙谕酒庄,https://you.ctrip.com/sight/yinchuan239/1414597.html?renderPlatform=,雪雪1990,20,,2020-10-04 11:58:29,0,建筑很美。很适合拍照片的。但是门票贵的可怕,2026-09-21 20:15:56,9
eb30d04a546c7920,携程景点点评,web_crawl_bs4_plus_api,you.ctrip.com,龙谕酒庄,https://you.ctrip.com/sight/yinchuan239/1414597.html?renderPlatform=,牛牛市李存恭,50,,2020-10-03 21:33:32,2,建筑很适合拍照，每一张都是大片，可能是十月份的原因，采摘葡萄都已经过时了，基本上没有了，讲的很详细，学生也比较便宜，值得一去,2026-09-21 20:15:56,9
71cb4bf7704ff3f4,携程景点点评,web_crawl_bs4_plus_api,you.ctrip.com,龙谕酒庄,https://you.ctrip.com/sight/yinchuan239/1414597.html?renderPlatform=,YoYo_7O5C1M0T,50,,2020-10-03 14:56:50,1,性价比会比较低一点，碰巧遇到下雨天，不可以去摘葡萄，而且diy制作酒的地方不可以制作，基本就是在外墙拍一下外墙的建筑，参观的路线就是一楼生产流水线，负一楼酒窖，但是酒窖放木桶的地方关门了，也没啥看，最后是二楼的张裕文化博物馆。参观完了可以品酒，合适的话可以在那里买酒回家喝。全程没什么工作人员跟，不过可以自由拍照，看个人喜好选择参观的一个地方！,2026-09-21 20:15:56,9
32bb7ec86f99cb80,携程景点点评,web_crawl_bs4_plus_api,you.ctrip.com,龙谕酒庄,https://you.ctrip.com/sight/yinchuan239/1414597.html?renderPlatform=,YoYo_0D2E6S2K,50,,2020-10-03 03:16:49,0,值得推荐，景色不错，体验很好，有趣好玩，,2026-09-21 20:15:56,9
f6c55c30d9db0ad8,携程景点点评,web_crawl_bs4_plus_api,you.ctrip.com,龙谕酒庄,https://you.ctrip.com/sight/yinchuan239/1414597.html?renderPlatform=,YoYo_9M9H4E0C,50,,2020-09-30 21:55:09,0,景色不错，,2026-09-21 20:15:56,9
0937fa2e0c7341ac,携程景点点评,web_crawl_bs4_plus_api,you.ctrip.com,龙谕酒庄,https://you.ctrip.com/sight/yinchuan239/1414597.html?renderPlatform=,YoYo_9M9H4E0C,50,,2020-09-30 21:53:53,0,不错，可以。,2026-09-21 20:15:56,9
d9e40635223b1aca,携程景点点评,web_crawl_bs4_plus_api,you.ctrip.com,龙谕酒庄,https://you.ctrip.com/sight/yinchuan239/1414597.html?renderPlatform=,妈妈说名字太长躲在树后会被发现,40,,2020-09-29 14:38:11,0,淡季去的，庄园里面基本上没人。DIY红酒啥的都不能玩，葡萄采摘还不错。玫瑰香味道简直太棒了，还试了下酿酒的赤霞珠，个小籽大非常甜。总的来说是一次奇妙的体验。景色不错，,2026-09-21 20:15:56,9
195541f9b1398bb5,携程景点点评,web_crawl_bs4_plus_api,you.ctrip.com,龙谕酒庄,https://you.ctrip.com/sight/yinchuan239/1414597.html?renderPlatform=,Christarai,50,,2020-09-23 18:37:06,0,如果喜欢品尝葡萄酒，那么银川这个景点绝对值得一去。里面小姐姐的服务也很棒哦！！,2026-09-21 20:15:56,9
e71722cd426b3192,携程景点点评,web_crawl_bs4_plus_api,you.ctrip.com,龙谕酒庄,https://you.ctrip.com/sight/yinchuan239/1414597.html?renderPlatform=,随走_浪人,50,,2020-09-22 22:52:40,1,去的时候刚好是葡萄的成熟季，可以现场摘，本想走空中酒廊的，但是不开放，只能单走酒庄城堡，城堡可以起负一与地面两层，还是可以的。,2026-09-21 20:15:56,9
8bb9ef6cdfec19d5,携程景点点评,web_crawl_bs4_plus_api,you.ctrip.com,龙谕酒庄,https://you.ctrip.com/sight/yinchuan239/1414597.html?renderPlatform=,YoYo_3K3H5S3N,50,,2020-09-21 02:24:35,0,景色不错，值得推荐，体验很好，有趣好玩，,2026-09-21 20:15:56,9
10df19caa289ac69,携程景点点评,web_crawl_bs4_plus_api,you.ctrip.com,龙谕酒庄,https://you.ctrip.com/sight/yinchuan239/1414597.html?renderPlatform=,moum,10,,2020-09-18 11:41:03,1,完全不值得去,2026-09-21 20:15:56,9
4bc815c3c0841c68,携程景点点评,web_crawl_bs4_plus_api,you.ctrip.com,龙谕酒庄,https://you.ctrip.com/sight/yinchuan239/1414597.html?renderPlatform=,YoYo_3U0N8I5C,50,,2020-09-18 11:35:13,0,酒庄挺不错，可以了解好多葡萄酒的历史，还赠送了一小瓶100毫升的酒，可惜银川机太崴，不让带上飞机✈️。只好留在机场了，实在是遗憾。,2026-09-21 20:15:56,9
99671f8241d963e6,携程景点点评,web_crawl_bs4_plus_api,you.ctrip.com,龙谕酒庄,https://you.ctrip.com/sight/yinchuan239/1414597.html?renderPlatform=,YoYo_6S4L8S9T,10,,2020-09-16 18:28:27,0,绝对不值得去，告诫后来的小伙伴们，不要因为名气再去掏这个钱吃这个亏了，全程没有解说，全程没有服务，全程是黑脸。,2026-09-21 20:15:56,9
5231b8fa2001cdb1,携程景点点评,web_crawl_bs4_plus_api,you.ctrip.com,龙谕酒庄,https://you.ctrip.com/sight/yinchuan239/1414597.html?renderPlatform=,YoYo_1O9W3O3C,10,,2020-09-16 18:26:44,0,没讲解，里面看不到工作人员，全靠自己逛，酒很差。去了几个酒庄，张裕差的不是一点半点,2026-09-21 20:15:56,9
3bce19df363ca0c9,携程景点点评,web_crawl_bs4_plus_api,you.ctrip.com,龙谕酒庄,https://you.ctrip.com/sight/yinchuan239/1414597.html?renderPlatform=,老花XYN,10,,2020-09-16 12:28:22,0,性价比低，体验不佳，景色一般，可玩性低，态度差。,2026-09-21 20:15:56,9
8963e622c121c8ae,携程景点点评,web_crawl_bs4_plus_api,you.ctrip.com,龙谕酒庄,https://you.ctrip.com/sight/yinchuan239/1414597.html?renderPlatform=,YoYo_3D3G6Y3R,30,,2020-08-30 23:00:55,0,体验不佳，性价比低，,2026-09-21 20:15:56,9
4f735ab9877914bd,携程景点点评,web_crawl_bs4_plus_api,you.ctrip.com,龙谕酒庄,https://you.ctrip.com/sight/yinchuan239/1414597.html?renderPlatform=,YoYo_3D3G6Y3R,30,,2020-08-30 23:00:41,0,体验不佳，可玩性低，,2026-09-21 20:15:56,9
e0be45e9c6ea134b,携程景点点评,web_crawl_bs4_plus_api,you.ctrip.com,龙谕酒庄,https://you.ctrip.com/sight/yinchuan239/1414597.html?renderPlatform=,LikeGor,30,,2020-08-30 12:27:51,0,银川的张裕摩塞尔酒庄也是银川的一大景点之一，前往参观的游客不少，但是门票稍贵，主要是红酒的展览是制造过程，如果来宁夏旅游时间不多，不推荐去。,2026-09-21 20:15:56,9
31bdf31a354d2751,携程景点点评,web_crawl_bs4_plus_api,you.ctrip.com,龙谕酒庄,https://you.ctrip.com/sight/yinchuan239/1414597.html?renderPlatform=,YoYo_4F7B0W6V,40,,2020-08-29 19:44:25,0,在银川来了个深度游，周六就不去自然风光的景点了，于是便来到了张裕摩塞尔十五世酒庄。看看欧式风格的建筑，成片的葡萄园，葡萄酒博物馆，DIY一样都不能少，当然还有品酒。张裕摩塞尔十五世酒庄是一个集葡萄种植、高档葡萄酒生产、葡萄酒文化展示、葡萄酒品鉴、会议接待和旅游观光于一体的高档综合型庄园。酒庄主楼建筑面积13000平米，共四层，地上三层，地下一层。据工作人员介绍，每年大约有3000对新人会来此拍婚纱照。可想是多么受热捧。,2026-09-21 20:15:56,9
ab87a29acd16c302,携程景点点评,web_crawl_bs4_plus_api,you.ctrip.com,龙谕酒庄,https://you.ctrip.com/sight/yinchuan239/1414597.html?renderPlatform=,YoYo_4I9G8O5M,20,,2020-08-24 19:03:57,0,体验不佳，性价比低，景色一般，可玩性低，,2026-09-21 20:15:56,9
d06e474da8fe569c,携程景点点评,web_crawl_bs4_plus_api,you.ctrip.com,龙谕酒庄,https://you.ctrip.com/sight/yinchuan239/1414597.html?renderPlatform=,妮妮8162,50,,2020-08-24 00:04:09,0,张裕摩塞尔十五世酒庄，逛葡萄庄园，看酿酒工艺,2026-09-21 20:15:56,10
ca3a1a5fb0301b3d,携程景点点评,web_crawl_bs4_plus_api,you.ctrip.com,龙谕酒庄,https://you.ctrip.com/sight/yinchuan239/1414597.html?renderPlatform=,YoYo_3Q0J6L0O,30,,2020-08-22 16:12:12,0,性价比低，体验不佳，,2026-09-21 20:15:56,10
5f305b68c4222f61,携程景点点评,web_crawl_bs4_plus_api,you.ctrip.com,龙谕酒庄,https://you.ctrip.com/sight/yinchuan239/1414597.html?renderPlatform=,YoYo_8X9M7S5U,30,,2020-08-22 09:39:16,0,外景有城堡的感觉，就是不值这个票价，里面现在没什么参观的地方。性价比低，景色一般，体验不佳，可玩性低，,2026-09-21 20:15:56,10
dbaf03cadfa8aba6,携程景点点评,web_crawl_bs4_plus_api,you.ctrip.com,龙谕酒庄,https://you.ctrip.com/sight/yinchuan239/1414597.html?renderPlatform=,心心点心,40,,2020-08-20 15:51:31,0,位置比较偏远，从市区要转一次公交车，门票有点贵，毕竟只开放主楼可以参观，室外进不了葡萄园参观，室内电影不开，总体来说，一般般，一小时左右就逛完,2026-09-21 20:15:56,10
39400c9f273f98db,携程景点点评,web_crawl_bs4_plus_api,you.ctrip.com,龙谕酒庄,https://you.ctrip.com/sight/yinchuan239/1414597.html?renderPlatform=,叶箫,40,,2020-08-17 15:31:19,0,进去就没有空手而归的……,2026-09-21 20:15:56,10
af335529c8534918,携程景点点评,web_crawl_bs4_plus_api,you.ctrip.com,龙谕酒庄,https://you.ctrip.com/sight/yinchuan239/1414597.html?renderPlatform=,一克拉的眼泪2008,50,,2020-08-16 20:04:34,0,银川挺不错的一个景点，由于是疫情期间，也没多少人，逛着很是美。古堡很漂亮，很有欧式的感觉，有婚纱照的在这里拍摄。酒窖也有欧式范，凉飕飕的，有大木桶和酒香木料香，还有制酒的流水线，有趣的一些体验以及酒庄的历史。在出口还可以品尝美酒（门票包含）,2026-09-21 20:15:56,10
97932c67124073bf,携程景点点评,web_crawl_bs4_plus_api,you.ctrip.com,龙谕酒庄,https://you.ctrip.com/sight/yinchuan239/1414597.html?renderPlatform=,FR89757,50,,2020-08-16 08:28:31,0,不错凹，小景点很个性，每个人还送了一瓶小白兰地。,2026-09-21 20:15:56,10
18b2d7326b55a1f8,携程景点点评,web_crawl_bs4_plus_api,you.ctrip.com,龙谕酒庄,https://you.ctrip.com/sight/yinchuan239/1414597.html?renderPlatform=,YoYo_8H1A8D5W,40,,2020-08-15 17:42:08,0,太贵了不值得。验票挺方便的。景色不错，,2026-09-21 20:15:56,10
da4fd5a8b256056a,携程景点点评,web_crawl_bs4_plus_api,you.ctrip.com,龙谕酒庄,https://you.ctrip.com/sight/yinchuan239/1414597.html?renderPlatform=,YoYo_1H7A8X8T,40,,2020-08-13 20:57:05,1,"不用带证件❗️登记换票进景区就ok❗️酒庄是一个集葡萄种植，葡萄酒生产，葡萄酒文化展示和品鉴，旅游观光为一体的综合性庄园。主楼是拜占庭式建筑风格哦💯，景色如图，还是蛮好看的(´-ω-`)。值得推荐，
ps：订票前看好天气☀️！
🌈景区不大，需要取票，游客不多，性价比蛮低☹☻，但是还是有很多点挺吸引人的(◍•ᴗ•◍)
🌈主楼地下一层是酒窖，凉快，因为人少，还挺吓人的㊙️㊙️㊙️，让我想起来柯南的好几集😨
🌈二楼是博物馆，还有体验互动的区。话筒听讲解✔️蛮好玩(｡･ω･｡)ﾉ♡
🌈一楼可以品酒🥂和diy💋，不要错过，不强制消费的放心。还可以带一小瓶白兰地🥃走。喝一口👄冲开天灵盖，跟芥末的感觉很像！小酒蒙meng子必来🙈哈哈(ಡωಡ)hiahiahia
🌈室外是葡萄园种植区，8月葡萄就陆续成熟了呦👅。
🌈适合年轻人和对酒感兴趣的人🌟🌟🌟。
🌈适合拍照的地方⬇️
➊酒窖旋转楼梯✧(≖ ◡ ≖✿)
➋一楼窗边&amp;油画&amp;主楼外围
➌喷水池&amp;葡萄雕塑",2026-09-21 20:15:56,10
67c208daffed46c6,携程景点点评,web_crawl_bs4_plus_api,you.ctrip.com,龙谕酒庄,https://you.ctrip.com/sight/yinchuan239/1414597.html?renderPlatform=,YoYo_0H5M5K4N,50,,2020-08-10 15:51:36,0,"整座城堡都非常的梦幻，有种困难公主的感觉，很值得去打卡记录，整体建筑是那种欧式风格，像是进入了一座宫殿的感觉，还碰到好多拍婚纱的。

门票也很划算，本来是100的门票，现在打折只需要80块钱啊，里面还包含罐装100ml的白兰地，品尝两款葡萄酒。

里面的小姐姐也很漂亮，讲解员讲的很详细，感觉涨了不少知识呢！",2026-09-21 20:15:56,10
3d1edaa65030340f,携程景点点评,web_crawl_bs4_plus_api,you.ctrip.com,龙谕酒庄,https://you.ctrip.com/sight/yinchuan239/1414597.html?renderPlatform=,成长客安利,40,,2020-08-04 18:17:42,0,酒堡有点异域特色，很大，非常凉爽，品了2款酒，干白，干红，汇聚产品宣传与拍照于一体。,2026-09-21 20:15:56,10
e5d9b3eb21944260,携程景点点评,web_crawl_bs4_plus_api,you.ctrip.com,龙谕酒庄,https://you.ctrip.com/sight/yinchuan239/1414597.html?renderPlatform=,成长客安利,40,,2020-08-04 18:14:02,0,景色不错，有趣好玩，值得推荐，,2026-09-21 20:15:56,10
c44735c4e8b00259,携程景点点评,web_crawl_bs4_plus_api,you.ctrip.com,龙谕酒庄,https://you.ctrip.com/sight/yinchuan239/1414597.html?renderPlatform=,YoYo_4P3B0P0L,50,,2020-08-04 10:13:20,0,外景奢豪，有点欧洲贵族的感觉；酒窖凉爽，避暑好地方；酒也不错，有得喝也有得带。,2026-09-21 20:15:56,10
6419be6b68979f08,携程景点点评,web_crawl_bs4_plus_api,you.ctrip.com,龙谕酒庄,https://you.ctrip.com/sight/yinchuan239/1414597.html?renderPlatform=,YoYo_2P9N8T6Q,50,,2020-08-04 02:32:14,0,很独特的体验，很适合拍照的场景，也很值得买一些葡萄酒回去,2026-09-21 20:15:56,10
5f4977adcd9f8fcd,携程景点点评,web_crawl_bs4_plus_api,you.ctrip.com,龙谕酒庄,https://you.ctrip.com/sight/yinchuan239/1414597.html?renderPlatform=,Shan-HX,50,,2020-08-03 11:48:26,0,还是可以去了解一下,2026-09-21 20:15:56,10
edb8d674fdf49159,携程景点点评,web_crawl_bs4_plus_api,you.ctrip.com,龙谕酒庄,https://you.ctrip.com/sight/yinchuan239/1414597.html?renderPlatform=,YoYo_0U8Y0A0O,50,,2020-07-29 20:16:59,0,酒庄环境非常好，体验也丰富，参观了生产线，地下酒窖，博物馆，还有品酒罐装，参观了葡萄园，服务也很好。,2026-09-21 20:15:56,10
7c74bb4237a11bc0,携程景点点评,web_crawl_bs4_plus_api,you.ctrip.com,龙谕酒庄,https://you.ctrip.com/sight/yinchuan239/1414597.html?renderPlatform=,草原战狼,40,,2020-07-28 23:14:51,0,景色不错，,2026-09-21 20:15:56,10
6eabf74e5c168f7d,携程景点点评,web_crawl_bs4_plus_api,you.ctrip.com,龙谕酒庄,https://you.ctrip.com/sight/yinchuan239/1414597.html?renderPlatform=,草原战狼,40,,2020-07-28 23:14:25,0,一个小城堡，有葡萄园，里面有一条葡萄酒灌装生产线，看看藏酒。价格偏贵。价格包含两杯葡萄酒和一瓶白兰地。整体景色还不错。,2026-09-21 20:15:56,10
69fb8e5cb73a9597,携程景点点评,web_crawl_bs4_plus_api,you.ctrip.com,龙谕酒庄,https://you.ctrip.com/sight/yinchuan239/1414597.html?renderPlatform=,華夏好男兒,30,,2020-07-21 19:53:13,0,性价比相对于低，进入园区之后参观整个主楼楼体基本都空无一人，全都是自己看自己逛，基本上没有什么吸引人的地方，只有到最后一个环节才有工作人员出现，因为是开车来的所以没有品酒，只是让工作人员介绍了一下，酒的价格不便宜二三百左右没喝不知道值不值，张裕是大众品牌又是国产，所以我觉得不值得一试,2026-09-21 20:15:56,10
ee5ca154c9c05533,携程景点点评,web_crawl_bs4_plus_api,you.ctrip.com,龙谕酒庄,https://you.ctrip.com/sight/yinchuan239/1414597.html?renderPlatform=,良心攻略刘狗蛋,50,,2020-07-17 14:15:40,2,各个点都有讲解员 非常耐心 态度也很好！（欢迎携程旅拍关注：你们的好朋友刘狗蛋）值得推荐，,2026-09-21 20:15:56,10
605ae008a63a6ee0,携程景点点评,web_crawl_bs4_plus_api,you.ctrip.com,龙谕酒庄,https://you.ctrip.com/sight/yinchuan239/1414597.html?renderPlatform=,小熊超人,40,,2020-07-16 16:04:37,0,人好少。。。,2026-09-21 20:15:56,10
bc6988247a2b53a3,携程景点点评,web_crawl_bs4_plus_api,you.ctrip.com,龙谕酒庄,https://you.ctrip.com/sight/yinchuan239/1414597.html?renderPlatform=,萌恺,50,,2020-06-27 23:04:58,0,庄园很大，去程的司机师傅推荐11月去摘葡萄~,2026-09-21 20:15:56,10
57f6a0d63844fbef,携程景点点评,web_crawl_bs4_plus_api,you.ctrip.com,龙谕酒庄,https://you.ctrip.com/sight/yinchuan239/1414597.html?renderPlatform=,YoYo_2Z5X4Z6D,30,,2020-06-23 16:57:10,0,电影厅关闭，也没工作人员，只有最后的品酒和罐装，无聊，不值。体验不佳，可玩性低，性价比低，,2026-09-21 20:15:56,10
e206db120b5c8131,携程景点点评,web_crawl_bs4_plus_api,you.ctrip.com,龙谕酒庄,https://you.ctrip.com/sight/yinchuan239/1414597.html?renderPlatform=,假行僧,50,,2020-06-18 18:58:36,0,值得一去的景点，欧式建筑，吸引很多剧组来取景。里面有讲到张裕的创始人如何一步步把张裕酒庄做大做强，还有很多葡萄酒知识。有趣好玩，,2026-09-21 20:15:56,10
8b7ebd20c621eda1,携程景点点评,web_crawl_bs4_plus_api,you.ctrip.com,龙谕酒庄,https://you.ctrip.com/sight/yinchuan239/1414597.html?renderPlatform=,玫萱,40,,2020-06-15 16:53:40,2,"占地面积大，欧洲庄园的装修，很大气。，适合拍照，有新人在这里拍照和举办婚礼
属于张裕酒厂，有张裕的历史介绍，还是直接看看，通过它的历史了解中国红酒的历史。门口可以免费停车，没人讲解，自己顺着指示牌自行参观，最后到达商品购买处，免费品尝2种红酒和自己装150ml的白兰地拿走（含在门票里），服务员热心回答问题，不过红酒不便宜。
在携程上预订比到了酒庄前台购买门票便宜值得推荐，",2026-09-21 20:15:56,10
01e0b152b88924cc,携程景点点评,web_crawl_bs4_plus_api,you.ctrip.com,龙谕酒庄,https://you.ctrip.com/sight/yinchuan239/1414597.html?renderPlatform=,YoYo_3B9O2B1Q,30,,2020-06-08 19:13:20,0,公共交通不便利，整体景色不错，没多少人去，进去后可以自己玩。没有葡萄酒生产，机器没有动,2026-09-21 20:15:56,10
79c3a2d010a14c97,携程景点点评,web_crawl_bs4_plus_api,you.ctrip.com,龙谕酒庄,https://you.ctrip.com/sight/yinchuan239/1414597.html?renderPlatform=,Mk123978,50,,2020-06-01 23:37:49,0,值得推荐，,2026-09-21 20:15:56,10
ee76cefb3a255a97,携程景点点评,web_crawl_bs4_plus_api,you.ctrip.com,龙谕酒庄,https://you.ctrip.com/sight/yinchuan239/1414597.html?renderPlatform=,01610,50,,2020-05-29 08:33:59,0,值得一来。景色挺好，里面也凉快，可以学到很多关于葡萄酒的知识，也有一些可以自己动手体验的环节。酒很好喝。这个票包含品酒，不要开车来，西夏市区打车过来也不贵。,2026-09-21 20:15:56,10
7e29cc517bb1d612,携程景点点评,web_crawl_bs4_plus_api,you.ctrip.com,龙谕酒庄,https://you.ctrip.com/sight/yinchuan239/1414597.html?renderPlatform=,YoYo_8R3Z2E3K,50,,2020-05-26 13:30:26,0,值得推荐，有趣好玩，体验很好，景色不错，,2026-09-21 20:15:56,10
ccca67771bb55b3e,携程景点点评,web_crawl_bs4_plus_api,you.ctrip.com,龙谕酒庄,https://you.ctrip.com/sight/yinchuan239/1414597.html?renderPlatform=,YoYo_4F3Y1Y9Q,50,,2020-05-25 01:10:25,1,一次非常满意的游玩，很美！,2026-09-21 20:15:56,10
3a3bce87e83838db,携程景点点评,web_crawl_bs4_plus_api,you.ctrip.com,龙谕酒庄,https://you.ctrip.com/sight/yinchuan239/1414597.html?renderPlatform=,YoYo_6S0J4Q5U,30,,2020-05-20 20:13:46,0,可玩性低，性价比低，,2026-09-21 20:15:56,10
184df6aa87be6a79,携程景点点评,web_crawl_bs4_plus_api,you.ctrip.com,龙谕酒庄,https://you.ctrip.com/sight/yinchuan239/1414597.html?renderPlatform=,YoYo_8V8J5B1R,30,,2020-05-10 11:05:16,0,酒庄外观看起来不错，适合拍照，唯一觉得不太满意的是里面品酒只提供两种，选择太少了，想买瓶酒带回来也不好选择没法尝，价格也高也不打折. 走的时候可以带一小瓶的白兰地.,2026-09-21 20:15:56,10
87ad3c375c62d4db,携程景点点评,web_crawl_bs4_plus_api,you.ctrip.com,龙谕酒庄,https://you.ctrip.com/sight/yinchuan239/1414597.html?renderPlatform=,悠闲的牛哥,30,,2020-05-08 16:27:59,0,酒庄需要进一步的提高旅游体验感。可以玩的地方并不是太多，主要可能是因为疫情期间吧,2026-09-21 20:15:56,10
927a9fd642af2ad7,携程景点点评,web_crawl_bs4_plus_api,you.ctrip.com,龙谕酒庄,https://you.ctrip.com/sight/yinchuan239/1414597.html?renderPlatform=,冷血大豪哥,50,,2020-05-05 09:50:50,1,不错的酒庄很好看，里面有详细的介绍葡萄酒的制作过程，现在的葡萄还没都长出来，等到夏天的时候应该会更好看，是一个比较有特色的景点,2026-09-21 20:15:56,10
1d594b68862748b0,携程景点点评,web_crawl_bs4_plus_api,you.ctrip.com,龙谕酒庄,https://you.ctrip.com/sight/yinchuan239/1414597.html?renderPlatform=,lpf123,30,,2020-05-03 23:37:51,0,太一般般了，鸡肋,2026-09-21 20:15:56,10
cefae598a3c680b0,携程景点点评,web_crawl_bs4_plus_api,you.ctrip.com,龙谕酒庄,https://you.ctrip.com/sight/yinchuan239/1414597.html?renderPlatform=,果果微观世界,50,,2020-04-27 23:58:24,0,被城堡吸引，之后了解葡萄酒到品葡萄酒🍷是自己想懂的，平时自己有喝点红酒的习惯，到最后品酒的时候小姐姐很细心跟我讲解每一款红酒的制作过程，很棒,2026-09-21 20:15:56,10
fa1b01ab4122fd98,携程景点点评,web_crawl_bs4_plus_api,you.ctrip.com,龙谕酒庄,https://you.ctrip.com/sight/yinchuan239/1414597.html?renderPlatform=,belle_Ivy,40,,2020-02-21 08:54:38,1,像欧洲的城堡博物馆不大，但是外围景色不错。,2026-09-21 20:15:56,10
d9568a9a3189f97b,携程景点点评,web_crawl_bs4_plus_api,you.ctrip.com,龙谕酒庄,https://you.ctrip.com/sight/yinchuan239/1414597.html?renderPlatform=,天真1021,50,,2020-02-20 00:22:39,0,很欧式的建筑 可以自己贴牌自己的红酒,2026-09-21 20:15:56,10
e0479b98f1a4ae10,携程景点点评,web_crawl_bs4_plus_api,you.ctrip.com,龙谕酒庄,https://you.ctrip.com/sight/yinchuan239/1414597.html?renderPlatform=,YoYo_0T3A3B5L,50,,2019-12-22 17:58:36,0,很不错的景点，红酒品尝环节老人孩子都挺喜欢的，出门还可以买点葡萄带着。,2026-09-21 20:15:56,10
efb9a61e98177c68,携程景点点评,web_crawl_bs4_plus_api,you.ctrip.com,龙谕酒庄,https://you.ctrip.com/sight/yinchuan239/1414597.html?renderPlatform=,莫欺少年穷我,50,,2019-12-22 14:09:53,0,非常西方的城堡，可以适合拍婚纱照，特别具有浪漫气息，,2026-09-21 20:15:56,10
558129c84445a84c,携程景点点评,web_crawl_bs4_plus_api,you.ctrip.com,龙谕酒庄,https://you.ctrip.com/sight/yinchuan239/1414597.html?renderPlatform=,木美玉米,40,,2019-12-20 15:56:51,0,我去的时候是初冬了，体验感还是不错的,2026-09-21 20:15:56,10
ea568b7b371e06d5,携程景点点评,web_crawl_bs4_plus_api,you.ctrip.com,龙谕酒庄,https://you.ctrip.com/sight/yinchuan239/1414597.html?renderPlatform=,维克尼耶亚特兰特,40,,2019-12-09 14:39:32,0,天冷的时候去的，整体环境不如夏天，酒窖没有什么参观的，比烟台差很多。,2026-09-21 20:15:56,10
a18e0636e0e1c377,携程景点点评,web_crawl_bs4_plus_api,you.ctrip.com,龙谕酒庄,https://you.ctrip.com/sight/yinchuan239/1414597.html?renderPlatform=,YoYo_1R8T7B7F,40,,2019-11-27 19:20:05,0,很不错比在门口的售票处买便宜很多，品酒也不错，还体验了酒的罐装。,2026-09-21 20:15:56,10
a5b980dc7de3f1ed,携程景点点评,web_crawl_bs4_plus_api,you.ctrip.com,龙谕酒庄,https://you.ctrip.com/sight/yinchuan239/1414597.html?renderPlatform=,天真1021,50,,2019-11-17 08:57:44,0,整个酒庄很欧式的装修风格和建筑,2026-09-21 20:15:56,10
394ca7c8829f56a7,携程景点点评,web_crawl_bs4_plus_api,you.ctrip.com,龙谕酒庄,https://you.ctrip.com/sight/yinchuan239/1414597.html?renderPlatform=,喜欢旅游的粥,40,,2019-11-12 15:26:08,0,酒庄很漂亮，65岁老人还免门票，通过携程买门票还有优惠，门票包含了品两种葡萄酒，还有给你瓶子让你装小白兰地再贴上贴纸打上木塞。可惜的是逛生产线跟酒窖还有博物馆都没有导览解说,2026-09-21 20:15:56,10
927c0cc3a585d444,携程景点点评,web_crawl_bs4_plus_api,you.ctrip.com,龙谕酒庄,https://you.ctrip.com/sight/yinchuan239/1414597.html?renderPlatform=,win****680,40,,2019-11-04 09:06:58,0,挺大的的，比较规范，按照西方人的标准建的，还是很有文化底蕴的,2026-09-21 20:15:56,10
af19bf417847fd75,携程景点点评,web_crawl_bs4_plus_api,you.ctrip.com,龙谕酒庄,https://you.ctrip.com/sight/yinchuan239/1414597.html?renderPlatform=,YoYo_8K4C9P4B,50,,2019-11-01 09:28:00,0,很有神秘感的地方,2026-09-21 20:15:56,10
a159c5a7b3cc9900,携程景点点评,web_crawl_bs4_plus_api,you.ctrip.com,龙谕酒庄,https://you.ctrip.com/sight/yinchuan239/1414597.html?renderPlatform=,YoYo_8C2D8P1O,40,,2019-10-30 21:26:44,0,庄园参观一下感觉不错，很多照相的，不错,2026-09-21 20:15:56,10
f7012d056738f0d9,携程景点点评,web_crawl_bs4_plus_api,you.ctrip.com,龙谕酒庄,https://you.ctrip.com/sight/yinchuan239/1414597.html?renderPlatform=,abby0129,50,,2019-10-30 10:42:48,0,感觉是一个被遗弃的小城堡,2026-09-21 20:15:56,10
90558e80383ddb36,携程景点点评,web_crawl_bs4_plus_api,you.ctrip.com,龙谕酒庄,https://you.ctrip.com/sight/yinchuan239/1414597.html?renderPlatform=,Panafan,50,,2019-10-28 13:32:54,0,豪华，但是免费品尝的红酒好烂。,2026-09-21 20:15:56,10
28a84c8a70b235f5,携程景点点评,web_crawl_bs4_plus_api,you.ctrip.com,龙谕酒庄,https://you.ctrip.com/sight/yinchuan239/1414597.html?renderPlatform=,YoYo_3L1I1D8J,50,,2019-10-26 10:41:54,0,环境很好，服务也不错，如果门票价格再低点就更好了。,2026-09-21 20:15:56,11
322b61b782df7786,携程景点点评,web_crawl_bs4_plus_api,you.ctrip.com,龙谕酒庄,https://you.ctrip.com/sight/yinchuan239/1414597.html?renderPlatform=,belle_Ivy,40,,2019-10-25 16:32:44,0,之前家人喝过张裕白兰地，来到这里，了解到他的历史。还可以亲手灌酒白兰地，自己装瓶。可惜不能托运飞机，只能当晚喝一瓶，剩下一瓶可能就要浪费了。,2026-09-21 20:15:56,11
ae9c03bce9da808b,携程景点点评,web_crawl_bs4_plus_api,you.ctrip.com,龙谕酒庄,https://you.ctrip.com/sight/yinchuan239/1414597.html?renderPlatform=,YoYo_3M0J2A4M,50,,2019-10-17 15:48:45,0,还行吧，里面有点恐怖，因为人少，门口很漂亮，法式建筑，好多拍婚纱照在里面取景。总体来说还是值得一去。,2026-09-21 20:15:56,11
69c4bbe75d840d09,携程景点点评,web_crawl_bs4_plus_api,you.ctrip.com,龙谕酒庄,https://you.ctrip.com/sight/yinchuan239/1414597.html?renderPlatform=,ljh****on,50,,2019-10-09 16:06:43,0,到门口才买的票，很方便，里面有葡萄园有酒窖，还有结婚的，可以打印自己的图片在酒瓶上，有纪念意义，还送一小瓶酒。,2026-09-21 20:15:56,11
e7db3c359bd3cdf6,携程景点点评,web_crawl_bs4_plus_api,you.ctrip.com,龙谕酒庄,https://you.ctrip.com/sight/yinchuan239/1414597.html?renderPlatform=,ljh****on,50,,2019-10-09 16:03:33,0,到门口才买的门票很方便，买完就进去了，里面也比较大，我们去的时候葡萄园还没成熟，成熟的时候应该不错，里面碰上有人办婚礼，热闹,2026-09-21 20:15:56,11
686044c73b542500,携程景点点评,web_crawl_bs4_plus_api,you.ctrip.com,龙谕酒庄,https://you.ctrip.com/sight/yinchuan239/1414597.html?renderPlatform=,月娃老公,50,,2019-10-07 12:28:16,0,这个景区很不错，城堡太霸气了。。最后还送的一瓶自己装的酒，不错。景区的葡萄是真甜啊。看见这个里面还可以举办婚礼，给个赞,2026-09-21 20:15:56,11
8e4c87559c9dae01,携程景点点评,web_crawl_bs4_plus_api,you.ctrip.com,龙谕酒庄,https://you.ctrip.com/sight/yinchuan239/1414597.html?renderPlatform=,YoYo_6U0H2Q1W,50,,2019-10-07 12:07:58,1,人少景好，看酿酒葡萄，摘水果葡萄，爱喝红酒的人还可以学到不少知识。DIY红酒瓶贴很赞，选张得意的照片，美好的纪念。,2026-09-21 20:15:56,11
36b6b26518d56ef1,携程景点点评,web_crawl_bs4_plus_api,you.ctrip.com,龙谕酒庄,https://you.ctrip.com/sight/yinchuan239/1414597.html?renderPlatform=,YoYo_2Z7J5J0J,50,,2019-10-06 17:25:45,0,十一去的人很少，大概一两个小时就可以逛完，城堡很好看还可以品酒和diy白兰地。里面有葡萄园可以自己采摘,2026-09-21 20:15:56,11
4e5e8665d910efcf,携程景点点评,web_crawl_bs4_plus_api,you.ctrip.com,龙谕酒庄,https://you.ctrip.com/sight/yinchuan239/1414597.html?renderPlatform=,YoYo_5R4X9Z4N,50,,2019-10-06 00:08:22,0,非常棒的参观体验，了解红酒文化。,2026-09-21 20:15:56,11
bf40031b46ac72da,携程景点点评,web_crawl_bs4_plus_api,you.ctrip.com,龙谕酒庄,https://you.ctrip.com/sight/yinchuan239/1414597.html?renderPlatform=,YoYo_5R4X9Z4N,50,,2019-10-06 00:07:35,0,非常棒的参观体验，了解红酒文化。,2026-09-21 20:15:56,11
e1992cd0e183873f,携程景点点评,web_crawl_bs4_plus_api,you.ctrip.com,龙谕酒庄,https://you.ctrip.com/sight/yinchuan239/1414597.html?renderPlatform=,YoYo_5R4X9Z4N,50,,2019-10-06 00:05:52,0,头一次去酒庄参观，了解了张裕摩塞尔十五世酒庄的历史，了解了更深层次的葡萄酒文化。唯一可惜的是去的那天我是司机，没法品尝到美酒。,2026-09-21 20:15:56,11
624a97a5ef2469f3,携程景点点评,web_crawl_bs4_plus_api,you.ctrip.com,龙谕酒庄,https://you.ctrip.com/sight/yinchuan239/1414597.html?renderPlatform=,YoYo_3J8J3R1F,40,,2019-10-05 22:33:09,0,高德导航正确。景区不大，游览线路清晰，顺着走就行了，如果不想深入了解，走马观花的看看，用时一小时就够了。,2026-09-21 20:15:56,11
ec8934ee52670e3a,携程景点点评,web_crawl_bs4_plus_api,you.ctrip.com,龙谕酒庄,https://you.ctrip.com/sight/yinchuan239/1414597.html?renderPlatform=,jody,40,,2019-10-05 10:32:33,0,"欧式城堡的建筑，确实是第一眼看去蛮漂亮的，再加上10月份这个季节，绿色和秋色掩映下，更是有一番风味。好像有几对儿新婚的在这里拍新婚照。
但是游览的人其实不多。除非是对葡萄酒特别感兴趣的人，电影酒庄里各种设施和历史介绍应该还是比较有感觉。不懂的人就是转转打个卡。
品酒的环节，感觉酒的品质一般般啊。
品酒出来以后有购物的环节。没有仔细看就出来了。门票价格显得略贵。携程预订比实际购买的价格便宜20元。
感觉专门过来就不是太值得。",2026-09-21 20:15:56,11
296e5e0c5d8f5c40,携程景点点评,web_crawl_bs4_plus_api,you.ctrip.com,龙谕酒庄,https://you.ctrip.com/sight/yinchuan239/1414597.html?renderPlatform=,咻咻咻2025,30,,2019-10-03 09:49:09,0,很一般，相对于可以游玩的项目，门票太贵了。项目太少太单调。导游解说的价格有点偏高,2026-09-21 20:15:56,11
3ab71776603e6a4c,携程景点点评,web_crawl_bs4_plus_api,you.ctrip.com,龙谕酒庄,https://you.ctrip.com/sight/yinchuan239/1414597.html?renderPlatform=,孤独的奋斗者0517,50,,2019-09-30 10:16:07,0,虽然去的时候是旅游淡季，但导游小姐姐还是很给力的。点N个赞！,2026-09-21 20:15:56,11
6d0a1b926fe5dbf5,携程景点点评,web_crawl_bs4_plus_api,you.ctrip.com,龙谕酒庄,https://you.ctrip.com/sight/yinchuan239/1414597.html?renderPlatform=,YoYo_2W9D9M4N,40,,2019-09-30 06:45:12,0,总体还算可以，2.3小时左右，对中国最卓越的红酒企业张裕公司有的概括的了解，增长了对红酒文化的认知，也了解了红酒的制作工艺，博物馆的设计匠心独运，专业，新颖，与时俱进！只是服务态度很好还有待提高，太职业化了，冷淡，特别是窗口，毕竟是企业文化游，更应该突出服务，大家花钱来参观，还买你的产品，应该尤其提高服务水平！买了一箱红酒，自己从酒庄抱到门口，酒庄门口有车都不帮助送出来，很没劲！,2026-09-21 20:15:56,11
b7211c4d76e76d2f,携程景点点评,web_crawl_bs4_plus_api,you.ctrip.com,龙谕酒庄,https://you.ctrip.com/sight/yinchuan239/1414597.html?renderPlatform=,YoYo_0F6L0S8H,50,,2019-09-29 12:01:37,0,非常不错，第一次见这么大的酒庄,2026-09-21 20:15:56,11
05b43df52fbebd8b,携程景点点评,web_crawl_bs4_plus_api,you.ctrip.com,龙谕酒庄,https://you.ctrip.com/sight/yinchuan239/1414597.html?renderPlatform=,格贝baby,50,,2019-09-23 19:40:44,0,人很少，很适合拍照，和好友一起聊聊天，品品红酒，拍拍照最适合不过,2026-09-21 20:15:56,11
a988879313c8e5e7,携程景点点评,web_crawl_bs4_plus_api,you.ctrip.com,龙谕酒庄,https://you.ctrip.com/sight/yinchuan239/1414597.html?renderPlatform=,麦子柒柒mnghhjjbffgghjjggg,50,,2019-09-20 09:09:11,0,建筑挺漂亮，在银川来说很别具一格。里面功能设置也不错,2026-09-21 20:15:56,11
906062ff8eb98769,携程景点点评,web_crawl_bs4_plus_api,you.ctrip.com,龙谕酒庄,https://you.ctrip.com/sight/yinchuan239/1414597.html?renderPlatform=,陆lx6,50,,2019-08-04 20:46:32,1,是一个集葡萄种植、高档葡萄酒生产、葡萄酒文化展示、葡萄酒品鉴、会议接待和旅游观光于一体的高档综合型庄园。酒庄占地1300亩，其中葡萄园1000亩，年酒庄酒生产能力1000吨,2026-09-21 20:15:56,11
c3cea4504aaaa69b,携程景点点评,web_crawl_bs4_plus_api,you.ctrip.com,龙谕酒庄,https://you.ctrip.com/sight/yinchuan239/1414597.html?renderPlatform=,静夏fcy,50,,2016-05-17 19:09:39,0,欧式建筑，很漂亮，历史馆藏，地下酒窖，品鉴文化。,2026-09-21 20:15:56,11
d8deeada31d1a0ae,携程景点点评,web_crawl_bs4_plus_api,you.ctrip.com,龙谕酒庄,https://you.ctrip.com/sight/yinchuan239/1414597.html?renderPlatform=,Giorgio S.,50,,2026-07-31 15:42:52,0,"疯狂的结构,非常好酒有买食物和做点的机会,还有一家商店,非常好人,和翻译一起,你都明白了",2026-09-21 20:15:56,2
6e2c61010c61bce5,携程景点点评,web_crawl_bs4_plus_api,you.ctrip.com,龙谕酒庄,https://you.ctrip.com/sight/yinchuan239/1414597.html?renderPlatform=,匿名用户,50,,2026-07-28 21:17:26,0,我喜欢风景。我见过最好的酒。,2026-09-21 20:15:56,2
14c4703bd9e4f1db,携程景点点评,web_crawl_bs4_plus_api,you.ctrip.com,龙谕酒庄,https://you.ctrip.com/sight/yinchuan239/1414597.html?renderPlatform=,匿名用户,50,,2026-01-30 14:49:58,0,这是我们最好的经历之一。,2026-09-21 20:15:56,3
93f24eb2bd05559f,携程景点点评,web_crawl_bs4_plus_api,you.ctrip.com,龙谕酒庄,https://you.ctrip.com/sight/yinchuan239/1414597.html?renderPlatform=,匿名用户,50,,2026-01-12 09:18:42,0,很棒的体验,2026-09-21 20:15:56,3
6791f2a8630fc742,携程景点点评,web_crawl_bs4_plus_api,you.ctrip.com,龙谕酒庄,https://you.ctrip.com/sight/yinchuan239/1414597.html?renderPlatform=,N. a. n. a,40,,2025-10-11 13:54:38,0,"风景优美,我们还可以尝试2种酒,很多人在这里也做他们的婚前拍照。总体来说是游览的好地方",2026-09-21 20:15:56,3
