temperature_2m_max,temperature_2m_min,precipitation_sum,wind_speed_10m_max,relative_humidity_2m_mean,date,frost_day,heat_day,severe_heat_day,dry_day,dry_streak,strong_wind_day,dust_storm_risk,rainy_day,continuous_rain_streak,temp_range,temp_avg,cluster_label
31.4,16.4,0.0,20.9,24,2023-06-08,False,False,False,True,1,True,True,False,0,15.0,23.9,0
33.0,17.5,0.0,22.4,21,2023-06-09,False,False,False,True,2,True,True,False,0,15.5,25.25,0
33.0,15.9,0.0,18.4,25,2023-06-10,False,False,False,True,3,True,True,False,0,17.1,24.45,0
32.0,19.0,0.0,21.5,25,2023-06-11,False,False,False,True,4,True,True,False,0,13.0,25.5,0
29.5,16.4,0.0,17.6,23,2023-06-12,False,False,False,True,5,True,True,False,0,13.100000000000001,22.95,0
31.4,15.6,0.0,13.1,22,2023-06-13,False,False,False,True,6,False,False,False,0,15.799999999999999,23.5,0
34.3,16.1,0.0,18.5,22,2023-06-14,False,False,False,True,7,True,True,False,0,18.199999999999996,25.2,0
33.8,19.8,0.0,27.1,26,2023-06-15,False,False,False,True,8,True,True,False,0,13.999999999999996,26.799999999999997,0
31.4,21.0,0.0,29.9,38,2023-06-16,False,False,False,True,9,True,False,False,0,10.399999999999999,26.2,0
29.8,18.9,0.0,17.1,45,2023-06-17,False,False,False,True,10,True,False,False,0,10.900000000000002,24.35,0
21.8,16.4,9.1,12.3,80,2023-06-18,False,False,False,False,1,False,False,True,2,5.400000000000002,19.1,2
33.1,15.1,0.0,19.1,49,2023-06-19,False,False,False,True,2,True,False,False,0,18.0,24.1,0
31.5,18.0,0.0,16.9,33,2023-06-20,False,False,False,True,3,False,False,False,0,13.5,24.75,0
34.2,17.8,0.0,12.9,31,2023-06-21,False,False,False,True,4,False,False,False,0,16.400000000000002,26.0,0
35.2,19.5,0.0,16.6,25,2023-06-22,False,True,False,True,5,False,True,False,0,15.700000000000003,27.35,0
34.8,21.5,0.0,23.5,31,2023-06-23,False,False,False,True,6,True,False,False,0,13.299999999999997,28.15,0
29.5,20.4,1.6,23.3,44,2023-06-24,False,False,False,False,1,True,False,True,2,9.100000000000001,24.95,0
30.8,18.1,0.2,21.5,48,2023-06-25,False,False,False,True,2,True,False,False,0,12.7,24.450000000000003,0
32.8,17.5,0.0,11.5,42,2023-06-26,False,False,False,True,3,False,False,False,0,15.299999999999997,25.15,0
32.0,19.5,0.0,33.3,38,2023-06-27,False,False,False,True,4,True,False,False,0,12.5,25.75,0
31.1,17.9,0.0,14.8,45,2023-06-28,False,False,False,True,5,False,False,False,0,13.200000000000003,24.5,0
33.8,16.8,0.0,14.0,33,2023-06-29,False,False,False,True,6,False,False,False,0,16.999999999999996,25.299999999999997,0
36.5,19.3,0.0,24.2,29,2023-06-30,False,True,False,True,7,True,True,False,0,17.2,27.9,0
33.3,23.0,0.0,14.7,34,2023-07-01,False,False,False,True,8,False,False,False,0,10.299999999999997,28.15,0
33.8,20.2,10.7,16.2,49,2023-07-02,False,False,False,False,1,False,False,True,2,13.599999999999998,27.0,2
24.0,16.5,7.8,15.0,71,2023-07-03,False,False,False,False,1,False,False,True,3,7.5,20.25,2
30.5,16.0,0.0,15.6,41,2023-07-04,False,False,False,True,2,False,False,False,0,14.5,23.25,0
34.0,15.4,0.0,16.1,42,2023-07-05,False,False,False,True,3,False,False,False,0,18.6,24.7,0
34.5,18.4,0.0,16.9,31,2023-07-06,False,False,False,True,4,False,False,False,0,16.1,26.45,0
32.9,17.8,0.0,18.9,33,2023-07-07,False,False,False,True,5,True,False,False,0,15.099999999999998,25.35,0
34.4,18.0,0.0,19.0,37,2023-07-08,False,False,False,True,6,True,False,False,0,16.4,26.2,0
35.7,19.3,0.0,12.6,33,2023-07-09,False,True,False,True,7,False,False,False,0,16.400000000000002,27.5,0
33.0,24.2,0.1,27.1,38,2023-07-10,False,False,False,True,8,True,False,False,0,8.8,28.6,0
28.6,20.4,9.8,20.3,67,2023-07-11,False,False,False,False,1,True,False,True,2,8.200000000000003,24.5,2
26.5,17.6,2.9,15.3,73,2023-07-12,False,False,False,False,1,False,False,True,3,8.899999999999999,22.05,2
27.6,16.8,0.4,18.2,56,2023-07-13,False,False,False,True,2,True,False,False,0,10.8,22.200000000000003,2
27.3,17.2,0.0,22.0,48,2023-07-14,False,False,False,True,3,True,False,False,0,10.100000000000001,22.25,0
31.4,16.5,0.0,15.5,50,2023-07-15,False,False,False,True,4,False,False,False,0,14.899999999999999,23.95,0
31.5,15.4,0.0,12.0,42,2023-07-16,False,False,False,True,5,False,False,False,0,16.1,23.45,0
33.7,16.9,0.0,14.0,43,2023-07-17,False,False,False,True,6,False,False,False,0,16.800000000000004,25.3,0
33.5,20.2,0.0,14.2,41,2023-07-18,False,False,False,True,7,False,False,False,0,13.3,26.85,0
32.0,19.9,0.0,17.0,45,2023-07-19,False,False,False,True,8,True,False,False,0,12.100000000000001,25.95,0
30.2,20.0,0.8,20.5,50,2023-07-20,False,False,False,True,9,True,False,False,0,10.2,25.1,0
28.8,17.4,0.0,11.9,53,2023-07-21,False,False,False,True,10,False,False,False,0,11.400000000000002,23.1,2
31.8,16.6,0.0,11.0,49,2023-07-22,False,False,False,True,11,False,False,False,0,15.2,24.200000000000003,0
34.1,18.6,0.0,15.6,42,2023-07-23,False,False,False,True,12,False,False,False,0,15.5,26.35,0
33.0,19.2,0.0,11.8,47,2023-07-24,False,False,False,True,13,False,False,False,0,13.8,26.1,0
35.4,20.4,0.0,10.9,50,2023-07-25,False,True,False,True,14,False,False,False,0,15.0,27.9,0
32.0,22.9,0.1,18.7,51,2023-07-26,False,False,False,True,15,True,False,False,0,9.100000000000001,27.45,0
27.8,18.9,2.9,12.7,68,2023-07-27,False,False,False,False,1,False,False,True,2,8.900000000000002,23.35,2
30.5,18.5,0.0,16.6,61,2023-07-28,False,False,False,True,2,False,False,False,0,12.0,24.5,2
29.8,19.0,2.0,15.9,63,2023-07-29,False,False,False,False,1,False,False,True,2,10.8,24.4,2
31.5,19.7,0.1,11.0,59,2023-07-30,False,False,False,True,2,False,False,False,0,11.8,25.6,2
31.9,20.6,0.0,16.2,58,2023-07-31,False,False,False,True,3,False,False,False,0,11.299999999999997,26.25,2
34.2,22.5,0.3,19.0,58,2023-08-01,False,False,False,True,4,True,False,False,0,11.700000000000003,28.35,0
35.8,22.4,0.0,10.8,52,2023-08-02,False,True,False,True,5,False,False,False,0,13.399999999999999,29.099999999999998,0
33.4,24.7,1.5,19.2,52,2023-08-03,False,False,False,False,1,True,False,True,2,8.7,29.049999999999997,2
29.6,22.5,0.4,20.7,52,2023-08-04,False,False,False,True,2,True,False,False,0,7.100000000000001,26.05,2
32.9,19.8,0.0,11.7,55,2023-08-05,False,False,False,True,3,False,False,False,0,13.099999999999998,26.35,0
31.6,22.7,0.0,18.3,46,2023-08-06,False,False,False,True,4,True,False,False,0,8.900000000000002,27.15,0
34.8,21.1,0.0,24.0,47,2023-08-07,False,False,False,True,5,True,False,False,0,13.699999999999996,27.95,0
33.8,20.4,0.0,23.4,57,2023-08-08,False,False,False,True,6,True,False,False,0,13.399999999999999,27.099999999999998,0
33.5,22.5,3.4,16.3,57,2023-08-09,False,False,False,False,1,False,False,True,2,11.0,28.0,2
33.2,23.0,0.1,14.2,62,2023-08-10,False,False,False,True,2,False,False,False,0,10.200000000000003,28.1,2
27.1,19.3,6.3,22.1,67,2023-08-11,False,False,False,False,1,True,False,True,2,7.800000000000001,23.200000000000003,2
33.0,16.6,0.0,16.6,57,2023-08-12,False,False,False,True,2,False,False,False,0,16.4,24.8,0
34.0,19.2,0.0,12.0,49,2023-08-13,False,False,False,True,3,False,False,False,0,14.8,26.6,0
32.8,21.9,0.0,10.1,47,2023-08-14,False,False,False,True,4,False,False,False,0,10.899999999999999,27.349999999999998,0
34.9,22.8,0.0,16.4,48,2023-08-15,False,False,False,True,5,False,False,False,0,12.099999999999998,28.85,0
33.8,22.5,0.4,15.2,45,2023-08-16,False,False,False,True,6,False,False,False,0,11.299999999999997,28.15,0
27.6,19.4,0.2,16.9,46,2023-08-17,False,False,False,True,7,False,False,False,0,8.200000000000003,23.5,2
31.6,15.2,0.0,11.8,37,2023-08-18,False,False,False,True,8,False,False,False,0,16.400000000000002,23.4,0
32.3,19.8,0.0,12.3,31,2023-08-19,False,False,False,True,9,False,False,False,0,12.499999999999996,26.049999999999997,0
32.2,18.7,0.0,17.2,38,2023-08-20,False,False,False,True,10,True,False,False,0,13.500000000000004,25.450000000000003,0
31.9,17.8,0.0,18.9,30,2023-08-21,False,False,False,True,11,True,True,False,0,14.099999999999998,24.85,0
32.3,16.4,0.0,19.2,27,2023-08-22,False,False,False,True,12,True,True,False,0,15.899999999999999,24.349999999999998,0
27.9,16.5,0.5,27.0,34,2023-08-23,False,False,False,True,13,True,False,False,0,11.399999999999999,22.2,0
30.0,15.9,0.3,15.0,36,2023-08-24,False,False,False,True,14,False,False,False,0,14.1,22.95,0
20.5,14.2,30.2,26.3,84,2023-08-25,False,False,False,False,1,True,False,True,2,6.300000000000001,17.35,2
20.9,12.9,0.0,17.4,67,2023-08-26,False,False,False,True,2,True,False,False,0,7.999999999999998,16.9,2
24.1,12.4,0.7,17.6,69,2023-08-27,False,False,False,True,3,True,False,False,0,11.700000000000001,18.25,2
26.3,12.8,0.0,9.4,66,2023-08-28,False,False,False,True,4,False,False,False,0,13.5,19.55,2
28.2,14.4,0.0,11.6,57,2023-08-29,False,False,False,True,5,False,False,False,0,13.799999999999999,21.3,2
28.8,14.4,0.0,16.2,50,2023-08-30,False,False,False,True,6,False,False,False,0,14.4,21.6,0
28.4,16.2,0.0,9.8,51,2023-08-31,False,False,False,True,7,False,False,False,0,12.2,22.299999999999997,2
30.1,17.1,0.0,13.0,52,2023-09-01,False,False,False,True,8,False,False,False,0,13.0,23.6,0
32.2,17.6,0.0,14.4,43,2023-09-02,False,False,False,True,9,False,False,False,0,14.600000000000001,24.900000000000002,0
32.0,15.6,0.0,12.3,41,2023-09-03,False,False,False,True,10,False,False,False,0,16.4,23.8,0
33.6,18.6,0.0,24.5,43,2023-09-04,False,False,False,True,11,True,False,False,0,15.0,26.1,0
31.6,18.4,0.0,25.8,44,2023-09-05,False,False,False,True,12,True,False,False,0,13.200000000000003,25.0,0
31.0,21.5,0.0,23.1,46,2023-09-06,False,False,False,True,13,True,False,False,0,9.5,26.25,0
23.1,18.1,0.6,13.7,62,2023-09-07,False,False,False,True,14,False,False,False,0,5.0,20.6,2
18.3,12.6,7.1,10.8,76,2023-09-08,False,False,False,False,1,False,False,True,2,5.700000000000001,15.45,2
24.6,11.6,0.0,9.0,77,2023-09-09,False,False,False,True,2,False,False,False,0,13.000000000000002,18.1,2
28.3,13.6,0.0,11.2,67,2023-09-10,False,False,False,True,3,False,False,False,0,14.700000000000001,20.95,2
28.4,16.5,0.0,13.4,49,2023-09-11,False,False,False,True,4,False,False,False,0,11.899999999999999,22.45,0
27.9,13.8,0.0,9.2,51,2023-09-12,False,False,False,True,5,False,False,False,0,14.099999999999998,20.85,0
29.4,13.9,0.1,13.6,53,2023-09-13,False,False,False,True,6,False,False,False,0,15.499999999999998,21.65,0
29.2,16.0,2.1,19.1,60,2023-09-14,False,False,False,False,1,True,False,True,2,13.2,22.6,0
27.5,15.2,0.6,14.2,62,2023-09-15,False,False,False,True,2,False,False,False,0,12.3,21.35,2
29.8,14.6,0.3,33.4,62,2023-09-16,False,False,False,True,3,True,False,False,0,15.200000000000001,22.2,0
24.6,17.1,0.4,32.7,53,2023-09-17,False,False,False,True,4,True,False,False,0,7.5,20.85,0
24.2,14.1,0.0,25.6,49,2023-09-18,False,False,False,True,5,True,False,False,0,10.1,19.15,0
25.0,13.1,0.0,17.2,44,2023-09-19,False,False,False,True,6,True,False,False,0,11.9,19.05,0
23.3,13.2,0.0,14.6,54,2023-09-20,False,False,False,True,7,False,False,False,0,10.100000000000001,18.25,2
24.8,11.0,0.0,14.1,55,2023-09-21,False,False,False,True,8,False,False,False,0,13.8,17.9,0
23.4,13.1,0.0,20.4,64,2023-09-22,False,False,False,True,9,True,False,False,0,10.299999999999999,18.25,2
20.3,13.9,0.3,16.2,66,2023-09-23,False,False,False,True,10,False,False,False,0,6.4,17.1,2
22.1,13.2,2.2,11.6,69,2023-09-24,False,False,False,False,1,False,False,True,2,8.900000000000002,17.65,2
24.2,13.5,0.0,14.0,58,2023-09-25,False,False,False,True,2,False,False,False,0,10.7,18.85,2
23.5,13.6,0.0,12.6,49,2023-09-26,False,False,False,True,3,False,False,False,0,9.9,18.55,2
19.3,11.9,0.2,13.7,48,2023-09-27,False,False,False,True,4,False,False,False,0,7.4,15.600000000000001,2
22.1,10.2,3.2,11.4,79,2023-09-28,False,False,False,False,1,False,False,True,2,11.900000000000002,16.15,2
21.1,8.3,0.0,10.0,43,2023-09-29,False,False,False,True,2,False,False,False,0,12.8,14.700000000000001,0
22.8,8.1,0.0,16.2,46,2023-09-30,False,False,False,True,3,False,False,False,0,14.700000000000001,15.45,0
20.1,11.6,0.0,13.4,58,2023-10-01,False,False,False,True,4,False,False,False,0,8.500000000000002,15.850000000000001,2
22.8,9.9,0.0,8.2,66,2023-10-02,False,False,False,True,5,False,False,False,0,12.9,16.35,2
23.2,9.9,0.0,9.4,67,2023-10-03,False,False,False,True,6,False,False,False,0,13.299999999999999,16.55,2
20.2,12.3,0.0,22.7,45,2023-10-04,False,False,False,True,7,True,False,False,0,7.899999999999999,16.25,0
12.6,10.4,7.3,10.1,68,2023-10-05,False,False,False,False,1,False,False,True,2,2.1999999999999993,11.5,2
17.2,8.5,0.2,12.2,74,2023-10-06,False,False,False,True,2,False,False,False,0,8.7,12.85,2
19.8,7.3,0.0,11.3,71,2023-10-07,False,False,False,True,3,False,False,False,0,12.5,13.55,2
17.4,6.1,0.0,16.9,56,2023-10-08,False,False,False,True,4,False,False,False,0,11.299999999999999,11.75,2
17.8,4.7,0.0,12.9,56,2023-10-09,False,False,False,True,5,False,False,False,0,13.100000000000001,11.25,2
19.9,8.1,0.0,6.4,67,2023-10-10,False,False,False,True,6,False,False,False,0,11.799999999999999,14.0,2
20.5,9.3,1.4,13.3,74,2023-10-11,False,False,False,False,1,False,False,True,2,11.2,14.9,2
16.7,10.6,0.4,10.6,74,2023-10-12,False,False,False,True,2,False,False,False,0,6.1,13.649999999999999,2
19.8,7.2,0.0,8.4,53,2023-10-13,False,False,False,True,3,False,False,False,0,12.600000000000001,13.5,2
20.2,5.8,0.0,10.0,50,2023-10-14,False,False,False,True,4,False,False,False,0,14.399999999999999,13.0,0
19.9,5.6,0.0,10.2,55,2023-10-15,False,False,False,True,5,False,False,False,0,14.299999999999999,12.75,2
20.4,6.1,0.0,9.6,59,2023-10-16,False,False,False,True,6,False,False,False,0,14.299999999999999,13.25,2
15.6,7.1,1.1,13.7,67,2023-10-17,False,False,False,False,1,False,False,True,2,8.5,11.35,2
16.9,3.7,0.0,9.1,65,2023-10-18,False,False,False,True,2,False,False,False,0,13.2,10.299999999999999,2
14.3,7.0,0.8,15.6,54,2023-10-19,False,False,False,True,3,False,False,False,0,7.300000000000001,10.65,2
15.3,3.7,0.0,9.0,64,2023-10-20,False,False,False,True,4,False,False,False,0,11.600000000000001,9.5,2
16.9,3.0,0.0,10.7,64,2023-10-21,False,False,False,True,5,False,False,False,0,13.899999999999999,9.95,2
18.5,3.2,0.0,7.3,60,2023-10-22,False,False,False,True,6,False,False,False,0,15.3,10.85,2
20.1,4.1,0.0,11.3,39,2023-10-23,False,False,False,True,7,False,False,False,0,16.0,12.100000000000001,0
22.2,4.0,0.0,11.6,48,2023-10-24,False,False,False,True,8,False,False,False,0,18.2,13.1,0
19.8,4.4,0.0,15.0,43,2023-10-25,False,False,False,True,9,False,False,False,0,15.4,12.100000000000001,0
18.6,3.8,0.0,9.4,51,2023-10-26,False,False,False,True,10,False,False,False,0,14.8,11.200000000000001,1
19.1,6.1,0.0,8.4,51,2023-10-27,False,False,False,True,11,False,False,False,0,13.000000000000002,12.600000000000001,2
21.3,5.8,0.0,11.9,51,2023-10-28,False,False,False,True,12,False,False,False,0,15.5,13.55,0
19.9,3.8,0.0,10.3,40,2023-10-29,False,False,False,True,13,False,False,False,0,16.099999999999998,11.85,0
22.4,3.8,0.0,19.7,38,2023-10-30,False,False,False,True,14,True,False,False,0,18.599999999999998,13.1,0
23.5,7.2,0.0,19.6,28,2023-10-31,False,False,False,True,15,True,True,False,0,16.3,15.35,0
21.1,8.3,0.0,16.2,49,2023-11-01,False,False,False,True,16,False,False,False,0,12.8,14.700000000000001,0
16.1,7.7,0.0,14.2,37,2023-11-02,False,False,False,True,17,False,False,False,0,8.400000000000002,11.9,2
15.8,3.8,0.0,11.6,39,2023-11-03,False,False,False,True,18,False,False,False,0,12.0,9.8,1
8.5,4.0,3.2,15.2,70,2023-11-04,False,False,False,False,1,False,False,True,2,4.5,6.25,2
5.1,-2.5,0.2,19.3,49,2023-11-05,True,False,False,True,2,True,False,False,0,7.6,1.2999999999999998,1
6.9,-5.7,0.0,9.4,59,2023-11-06,True,False,False,True,3,False,False,False,0,12.600000000000001,0.6000000000000001,1
12.2,-2.2,0.0,9.5,54,2023-11-07,True,False,False,True,4,False,False,False,0,14.399999999999999,5.0,1
8.1,-3.5,0.0,14.6,50,2023-11-08,True,False,False,True,5,False,False,False,0,11.6,2.3,1
4.5,-4.7,0.0,18.7,42,2023-11-09,True,False,False,True,6,True,False,False,0,9.2,-0.10000000000000009,1
4.8,-4.2,0.0,18.5,38,2023-11-10,True,False,False,True,7,True,False,False,0,9.0,0.2999999999999998,1
2.0,-5.7,0.0,16.4,40,2023-11-11,True,False,False,True,8,False,False,False,0,7.7,-1.85,1
2.0,-6.7,0.0,8.2,36,2023-11-12,True,False,False,True,9,False,False,False,0,8.7,-2.35,1
5.9,-4.1,0.0,11.9,42,2023-11-13,True,False,False,True,10,False,False,False,0,10.0,0.9000000000000004,1
7.4,-4.2,0.0,9.7,60,2023-11-14,True,False,False,True,11,False,False,False,0,11.600000000000001,1.6,1
4.3,-2.5,0.0,21.9,50,2023-11-15,True,False,False,True,12,True,False,False,0,6.8,0.8999999999999999,1
6.8,-4.9,0.0,9.8,44,2023-11-16,True,False,False,True,13,False,False,False,0,11.7,0.9499999999999997,1
8.6,-4.9,0.0,7.4,46,2023-11-17,True,False,False,True,14,False,False,False,0,13.5,1.8499999999999996,1
12.6,-4.6,0.0,10.0,36,2023-11-18,True,False,False,True,15,False,False,False,0,17.2,4.0,1
9.6,-4.4,0.0,9.5,44,2023-11-19,True,False,False,True,16,False,False,False,0,14.0,2.5999999999999996,1
10.5,-4.1,0.0,11.5,54,2023-11-20,True,False,False,True,17,False,False,False,0,14.6,3.2,1
9.3,-3.7,0.3,17.3,46,2023-11-21,True,False,False,True,18,True,False,False,0,13.0,2.8000000000000003,1
8.2,-8.6,0.0,33.4,48,2023-11-22,True,False,False,True,19,True,False,False,0,16.799999999999997,-0.20000000000000018,1
-2.1,-9.1,0.0,22.3,52,2023-11-23,True,False,False,True,20,True,False,False,0,7.0,-5.6,1
3.9,-7.8,0.0,15.9,44,2023-11-24,True,False,False,True,21,False,False,False,0,11.7,-1.95,1
4.6,-5.8,0.0,10.4,42,2023-11-25,True,False,False,True,22,False,False,False,0,10.399999999999999,-0.6000000000000001,1
10.0,-5.6,0.0,21.3,43,2023-11-26,True,False,False,True,23,True,False,False,0,15.6,2.2,1
7.4,-4.6,0.0,16.5,47,2023-11-27,True,False,False,True,24,False,False,False,0,12.0,1.4000000000000004,1
5.6,-7.0,0.0,19.4,47,2023-11-28,True,False,False,True,25,True,False,False,0,12.6,-0.7000000000000002,1
-2.8,-10.6,0.0,17.6,34,2023-11-29,True,False,False,True,26,True,False,False,0,7.8,-6.699999999999999,1
-0.3,-9.8,0.0,10.7,34,2023-11-30,True,False,False,True,27,False,False,False,0,9.5,-5.050000000000001,1
1.0,-10.1,0.0,7.6,35,2023-12-01,True,False,False,True,28,False,False,False,0,11.1,-4.55,1
1.8,-8.6,0.0,6.3,41,2023-12-02,True,False,False,True,29,False,False,False,0,10.4,-3.4,1
7.2,-7.8,0.0,13.9,37,2023-12-03,True,False,False,True,30,False,False,False,0,15.0,-0.2999999999999998,1
10.4,-4.7,0.0,20.1,31,2023-12-04,True,False,False,True,31,True,False,False,0,15.100000000000001,2.85,1
7.7,-3.3,0.0,19.0,39,2023-12-05,True,False,False,True,32,True,False,False,0,11.0,2.2,1
10.5,-2.8,0.0,28.5,35,2023-12-06,True,False,False,True,33,True,False,False,0,13.3,3.85,1
12.9,4.4,0.0,30.9,19,2023-12-07,False,False,False,True,34,True,True,False,0,8.5,8.65,0
12.2,-1.1,0.0,17.0,27,2023-12-08,True,False,False,True,35,True,True,False,0,13.299999999999999,5.55,1
7.5,-2.2,0.0,19.6,35,2023-12-09,True,False,False,True,36,True,False,False,0,9.7,2.65,1
4.4,-3.2,0.2,16.8,42,2023-12-10,True,False,False,True,37,False,False,False,0,7.6000000000000005,0.6000000000000001,1
1.7,-5.4,0.0,15.1,53,2023-12-11,True,False,False,True,38,False,False,False,0,7.1000000000000005,-1.85,1
6.6,-6.2,0.0,16.0,54,2023-12-12,True,False,False,True,39,False,False,False,0,12.8,0.19999999999999973,1
4.6,-5.2,0.0,8.6,78,2023-12-13,True,False,False,True,40,False,False,False,0,9.8,-0.30000000000000027,1
-1.7,-9.4,1.9,19.8,72,2023-12-14,True,False,False,False,1,True,False,True,2,7.7,-5.55,1
-8.2,-16.9,0.1,22.9,41,2023-12-15,True,False,False,True,2,True,False,False,0,8.7,-12.549999999999999,1
-9.3,-19.1,0.0,14.9,50,2023-12-16,True,False,False,True,3,False,False,False,0,9.8,-14.200000000000001,1
-5.9,-18.4,0.0,16.4,50,2023-12-17,True,False,False,True,4,False,False,False,0,12.499999999999998,-12.149999999999999,1
-0.9,-13.8,0.0,20.9,47,2023-12-18,True,False,False,True,5,True,False,False,0,12.9,-7.3500000000000005,1
-8.5,-17.6,0.0,21.7,44,2023-12-19,True,False,False,True,6,True,False,False,0,9.100000000000001,-13.05,1
-11.6,-22.0,0.0,24.2,52,2023-12-20,True,False,False,True,7,True,False,False,0,10.4,-16.8,1
-10.9,-19.6,0.0,11.7,41,2023-12-21,True,False,False,True,8,False,False,False,0,8.700000000000001,-15.25,1
-3.8,-16.1,0.0,13.2,42,2023-12-22,True,False,False,True,9,False,False,False,0,12.3,-9.950000000000001,1
-3.8,-13.9,0.0,17.2,59,2023-12-23,True,False,False,True,10,True,False,False,0,10.100000000000001,-8.85,1
-3.0,-15.4,0.0,6.6,67,2023-12-24,True,False,False,True,11,False,False,False,0,12.4,-9.2,1
2.0,-12.9,0.0,9.8,62,2023-12-25,True,False,False,True,12,False,False,False,0,14.9,-5.45,1
0.3,-11.9,0.0,8.7,63,2023-12-26,True,False,False,True,13,False,False,False,0,12.200000000000001,-5.8,1
1.2,-11.7,0.0,9.7,63,2023-12-27,True,False,False,True,14,False,False,False,0,12.899999999999999,-5.25,1
2.8,-10.2,0.0,12.3,57,2023-12-28,True,False,False,True,15,False,False,False,0,13.0,-3.6999999999999997,1
5.9,-7.8,0.0,30.9,48,2023-12-29,True,False,False,True,16,True,False,False,0,13.7,-0.9499999999999997,1
3.8,-7.5,0.0,11.2,47,2023-12-30,True,False,False,True,17,False,False,False,0,11.3,-1.85,1
1.9,-7.1,0.0,12.3,56,2023-12-31,True,False,False,True,18,False,False,False,0,9.0,-2.5999999999999996,1
2.8,-7.7,0.0,10.7,53,2024-01-01,True,False,False,True,19,False,False,False,0,10.5,-2.45,1
3.4,-6.0,0.0,14.1,46,2024-01-02,True,False,False,True,20,False,False,False,0,9.4,-1.3,1
7.9,-7.8,0.0,20.9,49,2024-01-03,True,False,False,True,21,True,False,False,0,15.7,0.050000000000000266,1
3.8,-6.7,0.0,14.2,40,2024-01-04,True,False,False,True,22,False,False,False,0,10.5,-1.4500000000000002,1
4.2,-8.9,0.0,13.2,36,2024-01-05,True,False,False,True,23,False,False,False,0,13.100000000000001,-2.35,1
-2.5,-12.2,0.0,12.3,37,2024-01-06,True,False,False,True,24,False,False,False,0,9.7,-7.35,1
0.9,-11.4,0.0,9.7,40,2024-01-07,True,False,False,True,25,False,False,False,0,12.3,-5.25,1
4.3,-11.8,0.0,15.5,46,2024-01-08,True,False,False,True,26,False,False,False,0,16.1,-3.7500000000000004,1
3.0,-7.4,0.0,18.1,49,2024-01-09,True,False,False,True,27,True,False,False,0,10.4,-2.2,1
5.4,-9.6,0.0,10.7,50,2024-01-10,True,False,False,True,28,False,False,False,0,15.0,-2.0999999999999996,1
7.8,-7.8,0.0,13.0,34,2024-01-11,True,False,False,True,29,False,False,False,0,15.6,0.0,1
6.4,-6.6,0.0,8.0,38,2024-01-12,True,False,False,True,30,False,False,False,0,13.0,-0.09999999999999964,1
6.3,-6.6,0.0,16.3,40,2024-01-13,True,False,False,True,31,False,False,False,0,12.899999999999999,-0.1499999999999999,1
0.1,-7.8,0.0,12.4,63,2024-01-14,True,False,False,True,32,False,False,False,0,7.8999999999999995,-3.85,1
2.8,-8.1,0.0,12.7,54,2024-01-15,True,False,False,True,33,False,False,False,0,10.899999999999999,-2.65,1
4.8,-6.8,0.0,9.0,63,2024-01-16,True,False,False,True,34,False,False,False,0,11.6,-1.0,1
4.4,-8.0,0.0,11.1,75,2024-01-17,True,False,False,True,35,False,False,False,0,12.4,-1.7999999999999998,1
4.1,-5.2,3.4,11.7,77,2024-01-18,True,False,False,False,1,False,False,True,2,9.3,-0.5500000000000003,1
3.8,-3.7,0.0,15.3,81,2024-01-19,True,False,False,True,2,False,False,False,0,7.5,0.04999999999999982,1
-3.5,-10.9,0.0,18.9,54,2024-01-20,True,False,False,True,3,True,False,False,0,7.4,-7.2,1
-9.7,-16.5,0.0,19.0,45,2024-01-21,True,False,False,True,4,True,False,False,0,6.800000000000001,-13.1,1
-10.7,-17.2,0.0,15.6,50,2024-01-22,True,False,False,True,5,False,False,False,0,6.5,-13.95,1
-9.1,-19.6,0.0,12.0,48,2024-01-23,True,False,False,True,6,False,False,False,0,10.500000000000002,-14.350000000000001,1
-6.1,-18.1,0.0,8.9,39,2024-01-24,True,False,False,True,7,False,False,False,0,12.000000000000002,-12.100000000000001,1
-4.2,-16.8,0.0,7.6,47,2024-01-25,True,False,False,True,8,False,False,False,0,12.600000000000001,-10.5,1
-2.5,-15.2,0.0,7.4,46,2024-01-26,True,False,False,True,9,False,False,False,0,12.7,-8.85,1
-0.4,-14.7,0.0,10.7,42,2024-01-27,True,False,False,True,10,False,False,False,0,14.299999999999999,-7.55,1
0.1,-13.3,0.0,8.9,46,2024-01-28,True,False,False,True,11,False,False,False,0,13.4,-6.6000000000000005,1
2.8,-11.7,0.0,10.4,45,2024-01-29,True,False,False,True,12,False,False,False,0,14.5,-4.449999999999999,1
4.8,-8.6,0.0,12.4,47,2024-01-30,True,False,False,True,13,False,False,False,0,13.399999999999999,-1.9,1
3.0,-4.5,0.3,16.5,33,2024-01-31,True,False,False,True,14,False,False,False,0,7.5,-0.75,1
3.2,-6.9,0.2,11.0,58,2024-02-01,True,False,False,True,15,False,False,False,0,10.100000000000001,-1.85,1
0.1,-3.7,2.1,15.0,78,2024-02-02,True,False,False,False,1,False,False,True,2,3.8000000000000003,-1.8,1
0.6,-4.9,0.7,12.9,78,2024-02-03,True,False,False,True,2,False,False,False,0,5.5,-2.1500000000000004,1
3.5,-6.2,0.1,11.9,76,2024-02-04,True,False,False,True,3,False,False,False,0,9.7,-1.35,1
0.2,-7.9,0.0,16.7,70,2024-02-05,True,False,False,True,4,False,False,False,0,8.1,-3.85,1
-2.0,-9.8,0.0,12.0,55,2024-02-06,True,False,False,True,5,False,False,False,0,7.800000000000001,-5.9,1
-0.9,-10.5,0.0,11.0,59,2024-02-07,True,False,False,True,6,False,False,False,0,9.6,-5.7,1
2.2,-9.8,0.0,10.2,60,2024-02-08,True,False,False,True,7,False,False,False,0,12.0,-3.8000000000000003,1
5.7,-5.4,0.0,14.4,44,2024-02-09,True,False,False,True,8,False,False,False,0,11.100000000000001,0.1499999999999999,1
5.4,-3.7,0.0,24.3,40,2024-02-10,True,False,False,True,9,True,False,False,0,9.100000000000001,0.8500000000000001,1
8.9,-6.6,0.0,8.8,41,2024-02-11,True,False,False,True,10,False,False,False,0,15.5,1.1500000000000004,1
14.1,-4.4,0.0,13.7,34,2024-02-12,True,False,False,True,11,False,False,False,0,18.5,4.85,1
11.5,-5.3,0.0,13.7,45,2024-02-13,True,False,False,True,12,False,False,False,0,16.8,3.1,1
6.7,-3.1,0.0,17.9,26,2024-02-14,True,False,False,True,13,True,True,False,0,9.8,1.8,1
8.9,-8.7,0.0,20.6,25,2024-02-15,True,False,False,True,14,True,True,False,0,17.6,0.10000000000000053,1
16.1,-2.5,0.0,26.0,33,2024-02-16,True,False,False,True,15,True,False,False,0,18.6,6.800000000000001,0
14.3,-0.9,0.0,25.2,49,2024-02-17,True,False,False,True,16,True,False,False,0,15.200000000000001,6.7,1
0.8,-6.7,0.3,22.0,28,2024-02-18,True,False,False,True,17,True,True,False,0,7.5,-2.95,1
-0.1,-9.2,0.0,18.7,23,2024-02-19,True,False,False,True,18,True,True,False,0,9.1,-4.6499999999999995,1
-0.6,-4.7,1.6,19.1,54,2024-02-20,True,False,False,False,1,True,False,True,2,4.1000000000000005,-2.65,1
-4.1,-9.2,1.3,19.5,63,2024-02-21,True,False,False,False,1,True,False,True,3,5.1,-6.6499999999999995,1
-4.1,-11.3,0.1,15.0,54,2024-02-22,True,False,False,True,2,False,False,False,0,7.200000000000001,-7.7,1
-2.8,-12.4,0.0,11.1,57,2024-02-23,True,False,False,True,3,False,False,False,0,9.600000000000001,-7.6,1
-0.6,-11.8,0.0,8.0,61,2024-02-24,True,False,False,True,4,False,False,False,0,11.200000000000001,-6.2,1
2.0,-9.0,0.0,14.1,59,2024-02-25,True,False,False,True,5,False,False,False,0,11.0,-3.5,1
5.1,-4.8,0.0,13.1,58,2024-02-26,True,False,False,True,6,False,False,False,0,9.899999999999999,0.1499999999999999,1
5.1,-6.4,0.0,17.1,66,2024-02-27,True,False,False,True,7,True,False,False,0,11.5,-0.6500000000000004,1
3.4,-2.9,0.7,19.7,43,2024-02-28,True,False,False,True,8,True,False,False,0,6.3,0.25,1
-0.7,-6.6,0.3,15.8,38,2024-02-29,True,False,False,True,9,False,False,False,0,5.8999999999999995,-3.65,1
1.4,-7.8,0.0,14.7,38,2024-03-01,True,False,False,True,10,False,False,False,0,9.2,-3.2,1
5.8,-7.7,0.0,11.9,34,2024-03-02,True,False,False,True,11,False,False,False,0,13.5,-0.9500000000000002,1
8.0,-6.2,0.0,14.4,41,2024-03-03,True,False,False,True,12,False,False,False,0,14.2,0.8999999999999999,1
9.2,-2.9,0.2,22.7,55,2024-03-04,True,False,False,True,13,True,False,False,0,12.1,3.1499999999999995,1
5.0,-3.8,0.1,11.6,44,2024-03-05,True,False,False,True,14,False,False,False,0,8.8,0.6000000000000001,1
7.8,-6.9,0.0,30.6,40,2024-03-06,True,False,False,True,15,True,False,False,0,14.7,0.44999999999999973,1
4.9,-7.0,0.0,12.3,27,2024-03-07,True,False,False,True,16,False,False,False,0,11.9,-1.0499999999999998,1
8.0,-6.1,0.0,10.1,27,2024-03-08,True,False,False,True,17,False,False,False,0,14.1,0.9500000000000002,1
10.9,-6.2,0.0,11.3,32,2024-03-09,True,False,False,True,18,False,False,False,0,17.1,2.35,1
12.8,-0.8,0.0,20.5,26,2024-03-10,True,False,False,True,19,True,True,False,0,13.600000000000001,6.0,1
11.2,-2.8,0.0,11.8,26,2024-03-11,True,False,False,True,20,False,False,False,0,14.0,4.199999999999999,1
11.1,-4.0,0.0,13.1,24,2024-03-12,True,False,False,True,21,False,False,False,0,15.1,3.55,1
14.2,-1.6,0.0,13.0,25,2024-03-13,True,False,False,True,22,False,False,False,0,15.799999999999999,6.3,1
18.2,-2.7,0.0,25.2,25,2024-03-14,True,False,False,True,23,True,True,False,0,20.9,7.75,0
16.1,5.8,0.0,24.4,39,2024-03-15,False,False,False,True,24,True,False,False,0,10.3,10.950000000000001,0
12.2,-1.7,0.0,16.7,33,2024-03-16,True,False,False,True,25,False,False,False,0,13.899999999999999,5.25,1
13.0,-1.6,0.0,9.6,22,2024-03-17,True,False,False,True,26,False,False,False,0,14.6,5.7,1
9.1,0.6,0.0,29.3,23,2024-03-18,False,False,False,True,27,True,True,False,0,8.5,4.85,1
12.2,-6.5,0.0,13.2,21,2024-03-19,True,False,False,True,28,False,False,False,0,18.7,2.8499999999999996,1
18.6,-2.5,0.0,13.0,19,2024-03-20,True,False,False,True,29,False,False,False,0,21.1,8.05,0
21.5,0.7,0.0,21.9,26,2024-03-21,False,False,False,True,30,True,True,False,0,20.8,11.1,0
20.4,2.7,0.0,16.6,23,2024-03-22,False,False,False,True,31,False,True,False,0,17.7,11.549999999999999,0
16.8,5.3,0.4,28.7,33,2024-03-23,False,False,False,True,32,True,False,False,0,11.5,11.05,0
16.4,6.1,0.3,14.1,53,2024-03-24,False,False,False,True,33,False,False,False,0,10.299999999999999,11.25,2
19.3,2.7,0.0,17.3,46,2024-03-25,False,False,False,True,34,True,False,False,0,16.6,11.0,0
20.8,2.6,1.6,19.7,45,2024-03-26,False,False,False,False,1,True,False,True,2,18.2,11.700000000000001,0
16.1,6.6,0.1,25.1,40,2024-03-27,False,False,False,True,2,True,False,False,0,9.500000000000002,11.350000000000001,0
18.4,3.8,0.1,21.9,35,2024-03-28,False,False,False,True,3,True,False,False,0,14.599999999999998,11.1,0
22.5,2.8,0.0,28.1,23,2024-03-29,False,False,False,True,4,True,True,False,0,19.7,12.65,0
23.2,4.2,0.0,13.0,20,2024-03-30,False,False,False,True,5,False,False,False,0,19.0,13.7,0
26.8,5.2,0.0,24.0,23,2024-03-31,False,False,False,True,6,True,True,False,0,21.6,16.0,0
25.9,10.5,0.0,28.5,30,2024-04-01,False,False,False,True,7,True,True,False,0,15.399999999999999,18.2,0
16.5,9.4,0.2,27.7,30,2024-04-02,False,False,False,True,8,True,True,False,0,7.1,12.95,0
17.5,5.8,0.0,15.8,49,2024-04-03,False,False,False,True,9,False,False,False,0,11.7,11.65,2
20.3,4.2,0.0,14.1,41,2024-04-04,False,False,False,True,10,False,False,False,0,16.1,12.25,0
16.0,6.9,0.7,18.9,33,2024-04-05,False,False,False,True,11,True,False,False,0,9.1,11.45,0
19.6,8.2,0.0,8.6,36,2024-04-06,False,False,False,True,12,False,False,False,0,11.400000000000002,13.9,0
20.5,8.9,0.1,22.9,42,2024-04-07,False,False,False,True,13,True,False,False,0,11.6,14.7,0
20.1,7.4,0.0,12.4,46,2024-04-08,False,False,False,True,14,False,False,False,0,12.700000000000001,13.75,0
19.8,5.8,1.5,19.1,51,2024-04-09,False,False,False,False,1,True,False,True,2,14.0,12.8,0
23.0,6.2,0.2,22.3,43,2024-04-10,False,False,False,True,2,True,False,False,0,16.8,14.6,0
26.5,8.4,0.0,21.5,29,2024-04-11,False,False,False,True,3,True,True,False,0,18.1,17.45,0
27.1,8.2,0.0,16.9,26,2024-04-12,False,False,False,True,4,False,True,False,0,18.900000000000002,17.65,0
22.9,13.0,0.7,24.2,45,2024-04-13,False,False,False,True,5,True,False,False,0,9.899999999999999,17.95,0
23.4,6.3,0.0,21.7,35,2024-04-14,False,False,False,True,6,True,False,False,0,17.099999999999998,14.85,0
19.2,5.6,0.0,11.3,20,2024-04-15,False,False,False,True,7,False,False,False,0,13.6,12.399999999999999,0
24.6,6.4,0.0,12.3,21,2024-04-16,False,False,False,True,8,False,False,False,0,18.200000000000003,15.5,0
27.4,9.5,0.0,17.2,24,2024-04-17,False,False,False,True,9,True,True,False,0,17.9,18.45,0
26.4,12.9,28.3,25.9,59,2024-04-18,False,False,False,False,1,True,False,True,2,13.499999999999998,19.65,2
18.5,9.6,5.9,35.9,55,2024-04-19,False,False,False,False,1,True,False,True,3,8.9,14.05,2
19.2,7.7,0.3,12.8,62,2024-04-20,False,False,False,True,2,False,False,False,0,11.5,13.45,2
22.9,8.2,0.0,20.1,47,2024-04-21,False,False,False,True,3,True,False,False,0,14.7,15.549999999999999,0
19.1,8.1,0.0,31.0,35,2024-04-22,False,False,False,True,4,True,False,False,0,11.000000000000002,13.600000000000001,0
20.4,3.8,0.0,18.2,39,2024-04-23,False,False,False,True,5,True,False,False,0,16.599999999999998,12.1,0
26.8,6.4,0.0,15.8,37,2024-04-24,False,False,False,True,6,False,False,False,0,20.4,16.6,0
27.5,8.7,0.0,23.2,31,2024-04-25,False,False,False,True,7,True,False,False,0,18.8,18.1,0
20.6,12.0,1.2,14.5,46,2024-04-26,False,False,False,False,1,False,False,True,2,8.600000000000001,16.3,2
26.5,10.5,0.0,18.2,47,2024-04-27,False,False,False,True,2,True,False,False,0,16.0,18.5,0
22.2,10.0,5.2,33.4,48,2024-04-28,False,False,False,False,1,True,False,True,2,12.2,16.1,0
15.6,8.6,0.0,20.8,46,2024-04-29,False,False,False,True,2,True,False,False,0,7.0,12.1,2
17.5,4.9,0.0,9.4,43,2024-04-30,False,False,False,True,3,False,False,False,0,12.6,11.2,1
21.0,6.9,0.0,8.2,40,2024-05-01,False,False,False,True,4,False,False,False,0,14.1,13.95,0
22.4,9.8,0.0,22.0,43,2024-05-02,False,False,False,True,5,True,False,False,0,12.599999999999998,16.1,0
16.2,11.4,8.6,17.3,67,2024-05-03,False,False,False,False,1,True,False,True,2,4.799999999999999,13.8,2
20.2,9.4,0.6,15.0,68,2024-05-04,False,False,False,True,2,False,False,False,0,10.799999999999999,14.8,2
23.6,8.0,0.0,13.3,53,2024-05-05,False,False,False,True,3,False,False,False,0,15.600000000000001,15.8,0
24.5,8.1,0.0,11.5,43,2024-05-06,False,False,False,True,4,False,False,False,0,16.4,16.3,0
27.6,9.8,0.0,13.2,24,2024-05-07,False,False,False,True,5,False,False,False,0,17.8,18.700000000000003,0
30.6,13.1,0.0,20.7,29,2024-05-08,False,False,False,True,6,True,True,False,0,17.5,21.85,0
29.3,14.1,0.0,16.8,41,2024-05-09,False,False,False,True,7,False,False,False,0,15.200000000000001,21.7,0
23.8,15.4,0.1,36.7,28,2024-05-10,False,False,False,True,8,True,True,False,0,8.4,19.6,0
27.0,9.2,0.0,23.5,18,2024-05-11,False,False,False,True,9,True,True,False,0,17.8,18.1,0
25.5,11.4,0.0,20.1,15,2024-05-12,False,False,False,True,10,True,True,False,0,14.1,18.45,0
30.6,11.4,0.0,15.5,18,2024-05-13,False,False,False,True,11,False,True,False,0,19.200000000000003,21.0,0
30.8,16.0,0.0,33.2,29,2024-05-14,False,False,False,True,12,True,True,False,0,14.8,23.4,0
26.1,12.9,0.0,23.4,17,2024-05-15,False,False,False,True,13,True,True,False,0,13.200000000000001,19.5,0
32.2,16.9,0.0,18.9,28,2024-05-16,False,False,False,True,14,True,True,False,0,15.300000000000004,24.55,0
34.8,17.3,0.0,17.3,15,2024-05-17,False,False,False,True,15,True,True,False,0,17.499999999999996,26.049999999999997,0
34.1,19.5,0.0,24.6,19,2024-05-18,False,False,False,True,16,True,True,False,0,14.600000000000001,26.8,0
32.1,19.9,0.0,19.0,20,2024-05-19,False,False,False,True,17,True,True,False,0,12.200000000000003,26.0,0
32.8,18.0,0.0,13.1,21,2024-05-20,False,False,False,True,18,False,False,False,0,14.799999999999997,25.4,0
34.3,18.3,0.0,27.0,30,2024-05-21,False,False,False,True,19,True,True,False,0,15.999999999999996,26.299999999999997,0
34.0,19.0,0.0,26.1,24,2024-05-22,False,False,False,True,20,True,True,False,0,15.0,26.5,0
36.0,20.0,0.0,14.5,28,2024-05-23,False,True,False,True,21,False,False,False,0,16.0,28.0,0
27.5,18.4,1.0,28.1,39,2024-05-24,False,False,False,False,1,True,False,True,2,9.100000000000001,22.95,0
30.8,16.5,0.0,11.2,53,2024-05-25,False,False,False,True,2,False,False,False,0,14.3,23.65,0
27.4,16.9,0.0,20.9,36,2024-05-26,False,False,False,True,3,True,False,False,0,10.5,22.15,0
30.3,16.0,0.0,11.6,34,2024-05-27,False,False,False,True,4,False,False,False,0,14.3,23.15,0
30.2,17.0,9.3,32.9,56,2024-05-28,False,False,False,False,1,True,False,True,2,13.2,23.6,0
23.0,16.5,3.3,14.9,59,2024-05-29,False,False,False,False,1,False,False,True,3,6.5,19.75,2
29.6,12.3,0.0,18.7,33,2024-05-30,False,False,False,True,2,True,False,False,0,17.3,20.950000000000003,0
26.8,15.4,0.0,20.6,33,2024-05-31,False,False,False,True,3,True,False,False,0,11.4,21.1,0
27.0,14.4,0.2,28.2,49,2024-06-01,False,False,False,True,4,True,False,False,0,12.6,20.7,0
24.7,13.4,0.8,15.1,58,2024-06-02,False,False,False,True,5,False,False,False,0,11.299999999999999,19.05,2
26.8,13.4,0.0,17.3,55,2024-06-03,False,False,False,True,6,True,False,False,0,13.4,20.1,0
21.7,15.0,12.4,17.5,71,2024-06-04,False,False,False,False,1,True,False,True,2,6.699999999999999,18.35,2
26.9,13.0,0.1,8.7,66,2024-06-05,False,False,False,True,2,False,False,False,0,13.899999999999999,19.95,2
20.0,14.4,10.5,21.9,78,2024-06-06,False,False,False,False,1,True,False,True,2,5.6,17.2,2
27.5,11.6,0.0,11.9,61,2024-06-07,False,False,False,True,2,False,False,False,0,15.9,19.55,0
28.5,16.5,0.0,20.8,43,2024-06-08,False,False,False,True,3,True,False,False,0,12.0,22.5,0
30.3,15.9,0.0,16.3,42,2024-06-09,False,False,False,True,4,False,False,False,0,14.4,23.1,0
32.6,15.9,0.0,16.8,37,2024-06-10,False,False,False,True,5,False,False,False,0,16.700000000000003,24.25,0
34.5,16.3,0.0,17.3,30,2024-06-11,False,False,False,True,6,True,True,False,0,18.2,25.4,0
34.8,18.0,0.0,18.4,25,2024-06-12,False,False,False,True,7,True,True,False,0,16.799999999999997,26.4,0
32.7,18.4,0.1,19.7,32,2024-06-13,False,False,False,True,8,True,False,False,0,14.300000000000004,25.55,0
29.6,18.0,0.0,15.8,35,2024-06-14,False,False,False,True,9,False,False,False,0,11.600000000000001,23.8,0
31.2,17.6,0.0,14.5,28,2024-06-15,False,False,False,True,10,False,False,False,0,13.599999999999998,24.4,0
31.3,19.9,0.0,17.4,26,2024-06-16,False,False,False,True,11,True,True,False,0,11.400000000000002,25.6,0
33.8,18.2,0.0,11.9,37,2024-06-17,False,False,False,True,12,False,False,False,0,15.599999999999998,26.0,0
33.0,22.9,0.0,18.1,36,2024-06-18,False,False,False,True,13,True,False,False,0,10.100000000000001,27.95,0
32.7,19.0,0.0,15.6,38,2024-06-19,False,False,False,True,14,False,False,False,0,13.700000000000003,25.85,0
27.6,16.5,6.7,23.5,60,2024-06-20,False,False,False,False,1,True,False,True,2,11.100000000000001,22.05,2
29.5,14.6,0.0,21.4,50,2024-06-21,False,False,False,True,2,True,False,False,0,14.9,22.05,0
28.2,14.2,0.0,14.1,33,2024-06-22,False,False,False,True,3,False,False,False,0,14.0,21.2,0
27.3,13.8,0.0,22.0,33,2024-06-23,False,False,False,True,4,True,False,False,0,13.5,20.55,0
27.1,14.0,0.0,9.9,44,2024-06-24,False,False,False,True,5,False,False,False,0,13.100000000000001,20.55,0
31.6,15.6,0.0,16.6,37,2024-06-25,False,False,False,True,6,False,False,False,0,16.0,23.6,0
32.5,17.6,0.5,15.8,37,2024-06-26,False,False,False,True,7,False,False,False,0,14.899999999999999,25.05,0
34.9,20.0,0.0,19.0,42,2024-06-27,False,False,False,True,8,True,False,False,0,14.899999999999999,27.45,0
32.8,21.9,0.0,23.6,43,2024-06-28,False,False,False,True,9,True,False,False,0,10.899999999999999,27.349999999999998,0
29.5,18.5,6.8,16.4,53,2024-06-29,False,False,False,False,1,False,False,True,2,11.0,24.0,2
29.5,20.1,0.0,16.4,39,2024-06-30,False,False,False,True,2,False,False,False,0,9.399999999999999,24.8,0
27.6,17.2,1.1,12.1,48,2024-07-01,False,False,False,False,1,False,False,True,2,10.400000000000002,22.4,2
31.9,16.2,0.0,14.6,43,2024-07-02,False,False,False,True,2,False,False,False,0,15.7,24.049999999999997,0
33.7,17.5,0.0,13.6,36,2024-07-03,False,False,False,True,3,False,False,False,0,16.200000000000003,25.6,0
33.4,19.2,0.7,21.7,36,2024-07-04,False,False,False,True,4,True,False,False,0,14.2,26.299999999999997,0
28.8,18.6,0.2,10.5,52,2024-07-05,False,False,False,True,5,False,False,False,0,10.2,23.700000000000003,2
33.0,18.8,2.5,12.9,55,2024-07-06,False,False,False,False,1,False,False,True,2,14.2,25.9,0
28.6,18.8,1.1,19.2,54,2024-07-07,False,False,False,False,1,True,False,True,3,9.8,23.700000000000003,2
26.9,18.9,0.3,9.0,58,2024-07-08,False,False,False,True,2,False,False,False,0,8.0,22.9,2
31.5,17.5,0.0,10.5,54,2024-07-09,False,False,False,True,3,False,False,False,0,14.0,24.5,0
33.5,20.4,0.0,12.0,48,2024-07-10,False,False,False,True,4,False,False,False,0,13.100000000000001,26.95,0
33.5,21.2,0.2,13.3,45,2024-07-11,False,False,False,True,5,False,False,False,0,12.3,27.35,0
33.3,18.5,0.0,9.8,46,2024-07-12,False,False,False,True,6,False,False,False,0,14.799999999999997,25.9,0
34.6,21.2,0.0,10.5,37,2024-07-13,False,False,False,True,7,False,False,False,0,13.400000000000002,27.9,0
34.5,23.0,0.6,28.9,44,2024-07-14,False,False,False,True,8,True,False,False,0,11.5,28.75,0
34.2,22.6,0.0,23.7,48,2024-07-15,False,False,False,True,9,True,False,False,0,11.600000000000001,28.400000000000002,0
32.7,22.3,0.0,17.2,45,2024-07-16,False,False,False,True,10,True,False,False,0,10.400000000000002,27.5,0
34.3,20.4,0.0,15.6,31,2024-07-17,False,False,False,True,11,False,False,False,0,13.899999999999999,27.349999999999998,0
36.8,20.0,0.0,15.1,29,2024-07-18,False,True,False,True,12,False,True,False,0,16.799999999999997,28.4,0
36.5,23.9,0.0,15.5,42,2024-07-19,False,True,False,True,13,False,False,False,0,12.600000000000001,30.2,0
37.8,24.2,0.0,22.9,46,2024-07-20,False,True,False,True,14,True,False,False,0,13.599999999999998,31.0,0
35.8,22.5,0.0,16.5,42,2024-07-21,False,True,False,True,15,False,False,False,0,13.299999999999997,29.15,0
35.7,23.9,0.0,15.6,35,2024-07-22,False,True,False,True,16,False,False,False,0,11.800000000000004,29.8,0
37.8,22.9,0.8,26.2,35,2024-07-23,False,True,False,True,17,True,False,False,0,14.899999999999999,30.349999999999998,0
32.0,22.8,0.6,23.7,39,2024-07-24,False,False,False,True,18,True,False,False,0,9.2,27.4,0
35.3,19.9,0.0,19.4,38,2024-07-25,False,True,False,True,19,True,False,False,0,15.399999999999999,27.599999999999998,0
36.3,20.1,0.0,16.4,30,2024-07-26,False,True,False,True,20,False,True,False,0,16.199999999999996,28.2,0
34.0,24.8,0.0,15.4,28,2024-07-27,False,False,False,True,21,False,True,False,0,9.2,29.4,0
34.5,24.3,0.0,16.4,31,2024-07-28,False,False,False,True,22,False,False,False,0,10.2,29.4,0
28.0,20.7,1.2,15.1,61,2024-07-29,False,False,False,False,1,False,False,True,2,7.300000000000001,24.35,2
27.3,18.6,0.8,18.6,71,2024-07-30,False,False,False,True,2,True,False,False,0,8.7,22.950000000000003,2
33.3,18.6,0.0,16.7,50,2024-07-31,False,False,False,True,3,False,False,False,0,14.699999999999996,25.95,0
35.0,19.9,0.5,15.5,43,2024-08-01,False,True,False,True,4,False,False,False,0,15.100000000000001,27.45,0
25.8,19.9,11.8,12.4,79,2024-08-02,False,False,False,False,1,False,False,True,2,5.900000000000002,22.85,2
31.5,17.7,0.0,9.4,63,2024-08-03,False,False,False,True,2,False,False,False,0,13.8,24.6,2
33.5,19.4,0.3,17.0,50,2024-08-04,False,False,False,True,3,True,False,False,0,14.100000000000001,26.45,0
34.1,19.3,0.1,19.8,47,2024-08-05,False,False,False,True,4,True,False,False,0,14.8,26.700000000000003,0
24.1,19.5,5.6,11.5,70,2024-08-06,False,False,False,False,1,False,False,True,2,4.600000000000001,21.8,2
28.8,17.9,0.0,18.2,70,2024-08-07,False,False,False,True,2,True,False,False,0,10.900000000000002,23.35,2
23.6,19.9,33.1,12.3,85,2024-08-08,False,False,False,False,1,False,False,True,2,3.700000000000003,21.75,2
27.5,19.5,0.1,20.4,59,2024-08-09,False,False,False,True,2,True,False,False,0,8.0,23.5,2
29.2,19.5,0.0,22.0,47,2024-08-10,False,False,False,True,3,True,False,False,0,9.7,24.35,0
28.5,15.9,0.0,10.1,64,2024-08-11,False,False,False,True,4,False,False,False,0,12.6,22.2,2
29.0,16.5,0.0,11.9,56,2024-08-12,False,False,False,True,5,False,False,False,0,12.5,22.75,2
30.5,17.0,0.0,11.6,53,2024-08-13,False,False,False,True,6,False,False,False,0,13.5,23.75,0
24.6,19.2,11.6,11.9,74,2024-08-14,False,False,False,False,1,False,False,True,2,5.400000000000002,21.9,2
26.9,16.8,0.7,14.1,73,2024-08-15,False,False,False,True,2,False,False,False,0,10.099999999999998,21.85,2
30.5,17.1,0.0,15.8,63,2024-08-16,False,False,False,True,3,False,False,False,0,13.399999999999999,23.8,2
28.5,17.9,2.1,14.3,60,2024-08-17,False,False,False,False,1,False,False,True,2,10.600000000000001,23.2,2
29.9,16.9,0.0,10.7,57,2024-08-18,False,False,False,True,2,False,False,False,0,13.0,23.4,2
29.7,17.0,0.0,21.1,47,2024-08-19,False,False,False,True,3,True,False,False,0,12.7,23.35,0
28.4,17.6,0.1,13.7,53,2024-08-20,False,False,False,True,4,False,False,False,0,10.799999999999997,23.0,2
30.5,16.5,0.0,8.2,55,2024-08-21,False,False,False,True,5,False,False,False,0,14.0,23.5,2
32.7,17.9,0.0,9.4,48,2024-08-22,False,False,False,True,6,False,False,False,0,14.800000000000004,25.3,0
34.9,20.2,0.0,13.0,44,2024-08-23,False,False,False,True,7,False,False,False,0,14.7,27.549999999999997,0
29.4,20.9,57.8,18.5,80,2024-08-24,False,False,False,False,1,True,False,True,2,8.5,25.15,2
28.9,19.9,36.4,22.4,82,2024-08-25,False,False,False,False,1,True,False,True,3,9.0,24.4,2
25.5,17.2,0.0,15.9,62,2024-08-26,False,False,False,True,2,False,False,False,0,8.3,21.35,2
26.2,15.6,0.0,16.3,70,2024-08-27,False,False,False,True,3,False,False,False,0,10.6,20.9,2
28.9,17.5,0.0,8.3,73,2024-08-28,False,False,False,True,4,False,False,False,0,11.399999999999999,23.2,2
29.5,18.5,0.0,11.9,74,2024-08-29,False,False,False,True,5,False,False,False,0,11.0,24.0,2
30.5,21.0,0.0,18.3,70,2024-08-30,False,False,False,True,6,True,False,False,0,9.5,25.75,2
29.7,21.8,10.3,12.9,75,2024-08-31,False,False,False,False,1,False,False,True,2,7.899999999999999,25.75,2
24.1,18.7,0.3,22.1,62,2024-09-01,False,False,False,True,2,True,False,False,0,5.400000000000002,21.4,2
27.6,17.3,0.8,17.1,67,2024-09-02,False,False,False,True,3,True,False,False,0,10.3,22.450000000000003,2
29.9,19.8,9.6,16.3,79,2024-09-03,False,False,False,False,1,False,False,True,2,10.099999999999998,24.85,2
22.2,13.2,11.5,26.3,82,2024-09-04,False,False,False,False,1,True,False,True,3,9.0,17.7,2
19.0,12.6,3.8,15.1,79,2024-09-05,False,False,False,False,1,False,False,True,4,6.4,15.8,2
18.0,15.1,10.0,13.1,89,2024-09-06,False,False,False,False,1,False,False,True,5,2.9000000000000004,16.55,2
23.4,12.4,0.9,14.9,76,2024-09-07,False,False,False,True,2,False,False,False,0,10.999999999999998,17.9,2
27.3,16.9,0.1,15.7,78,2024-09-08,False,False,False,True,3,False,False,False,0,10.400000000000002,22.1,2
19.7,14.1,6.4,15.5,82,2024-09-09,False,False,False,False,1,False,False,True,2,5.6,16.9,2
16.0,11.6,3.2,16.5,84,2024-09-10,False,False,False,False,1,False,False,True,3,4.4,13.8,2
19.4,12.4,15.1,22.0,91,2024-09-11,False,False,False,False,1,True,False,True,4,6.999999999999998,15.899999999999999,2
25.2,16.5,8.2,23.8,81,2024-09-12,False,False,False,False,1,True,False,True,5,8.7,20.85,2
22.0,15.7,0.9,18.7,73,2024-09-13,False,False,False,True,2,True,False,False,0,6.300000000000001,18.85,2
16.4,11.8,3.7,18.0,73,2024-09-14,False,False,False,False,1,True,False,True,2,4.599999999999998,14.1,2
17.2,13.4,12.7,16.2,93,2024-09-15,False,False,False,False,1,False,False,True,3,3.799999999999999,15.3,2
21.4,14.6,3.1,12.0,82,2024-09-16,False,False,False,False,1,False,False,True,4,6.799999999999999,18.0,2
26.1,15.2,0.4,13.7,80,2024-09-17,False,False,False,True,2,False,False,False,0,10.900000000000002,20.65,2
27.1,17.4,0.1,14.4,81,2024-09-18,False,False,False,True,3,False,False,False,0,9.700000000000003,22.25,2
27.7,18.5,12.0,26.4,78,2024-09-19,False,False,False,False,1,True,False,True,2,9.2,23.1,2
19.8,14.4,2.8,21.6,74,2024-09-20,False,False,False,False,1,True,False,True,3,5.4,17.1,2
18.5,10.6,0.0,13.3,66,2024-09-21,False,False,False,True,2,False,False,False,0,7.9,14.55,2
20.5,7.5,0.0,10.5,71,2024-09-22,False,False,False,True,3,False,False,False,0,13.0,14.0,2
23.5,10.6,0.0,8.8,72,2024-09-23,False,False,False,True,4,False,False,False,0,12.9,17.05,2
25.0,11.8,0.2,14.1,80,2024-09-24,False,False,False,True,5,False,False,False,0,13.2,18.4,2
23.3,11.3,0.0,11.2,72,2024-09-25,False,False,False,True,6,False,False,False,0,12.0,17.3,2
24.6,11.1,0.0,13.1,69,2024-09-26,False,False,False,True,7,False,False,False,0,13.500000000000002,17.85,2
24.6,15.1,0.5,16.2,77,2024-09-27,False,False,False,True,8,False,False,False,0,9.500000000000002,19.85,2
25.0,18.6,5.7,15.8,74,2024-09-28,False,False,False,False,1,False,False,True,2,6.399999999999999,21.8,2
16.6,10.6,6.6,19.8,60,2024-09-29,False,False,False,False,1,True,False,True,3,6.000000000000002,13.600000000000001,2
14.1,7.0,0.0,29.2,46,2024-09-30,False,False,False,True,2,True,False,False,0,7.1,10.55,0
13.5,2.9,0.0,12.2,46,2024-10-01,False,False,False,True,3,False,False,False,0,10.6,8.2,1
16.3,3.7,0.0,13.9,55,2024-10-02,False,False,False,True,4,False,False,False,0,12.600000000000001,10.0,2
18.8,5.6,0.0,15.7,58,2024-10-03,False,False,False,True,5,False,False,False,0,13.200000000000001,12.2,2
20.8,9.9,0.0,21.5,63,2024-10-04,False,False,False,True,6,True,False,False,0,10.9,15.350000000000001,2
20.4,9.5,0.0,10.7,73,2024-10-05,False,False,False,True,7,False,False,False,0,10.899999999999999,14.95,2
15.4,10.7,1.6,13.5,77,2024-10-06,False,False,False,False,1,False,False,True,2,4.700000000000001,13.05,2
18.4,6.0,0.0,9.7,67,2024-10-07,False,False,False,True,2,False,False,False,0,12.399999999999999,12.2,2
18.9,7.6,0.1,16.2,70,2024-10-08,False,False,False,True,3,False,False,False,0,11.299999999999999,13.25,2
19.5,6.6,0.0,16.1,54,2024-10-09,False,False,False,True,4,False,False,False,0,12.9,13.05,2
20.6,5.1,0.0,11.1,61,2024-10-10,False,False,False,True,5,False,False,False,0,15.500000000000002,12.850000000000001,2
20.5,7.2,0.0,9.1,62,2024-10-11,False,False,False,True,6,False,False,False,0,13.3,13.85,2
18.2,8.6,1.1,11.3,79,2024-10-12,False,False,False,False,1,False,False,True,2,9.6,13.399999999999999,2
22.4,8.4,0.0,8.3,77,2024-10-13,False,False,False,True,2,False,False,False,0,13.999999999999998,15.399999999999999,2
20.6,9.2,0.0,10.7,66,2024-10-14,False,False,False,True,3,False,False,False,0,11.400000000000002,14.9,2
19.7,7.8,0.2,15.8,57,2024-10-15,False,False,False,True,4,False,False,False,0,11.899999999999999,13.75,2
17.6,11.8,1.0,13.4,78,2024-10-16,False,False,False,False,1,False,False,True,2,5.800000000000001,14.700000000000001,2
16.8,10.6,0.2,15.4,87,2024-10-17,False,False,False,True,2,False,False,False,0,6.200000000000001,13.7,2
16.7,10.1,0.2,20.6,68,2024-10-18,False,False,False,True,3,True,False,False,0,6.6,13.399999999999999,2
14.3,8.3,19.4,18.5,73,2024-10-19,False,False,False,False,1,True,False,True,2,6.0,11.3,2
17.4,6.9,4.1,22.5,63,2024-10-20,False,False,False,False,1,True,False,True,3,10.499999999999998,12.149999999999999,2
8.1,4.1,1.8,27.0,78,2024-10-21,False,False,False,False,1,True,False,True,4,4.0,6.1,2
13.4,0.6,0.0,13.7,68,2024-10-22,False,False,False,True,2,False,False,False,0,12.8,7.0,1
18.1,1.2,0.0,12.4,66,2024-10-23,False,False,False,True,3,False,False,False,0,16.900000000000002,9.65,1
19.4,4.1,0.0,11.0,74,2024-10-24,False,False,False,True,4,False,False,False,0,15.299999999999999,11.75,2
15.6,7.4,1.8,12.5,83,2024-10-25,False,False,False,False,1,False,False,True,2,8.2,11.5,2
14.4,4.2,0.0,11.4,75,2024-10-26,False,False,False,True,2,False,False,False,0,10.2,9.3,2
15.1,4.9,0.0,7.2,69,2024-10-27,False,False,False,True,3,False,False,False,0,10.2,10.0,2
19.0,4.1,0.0,12.1,72,2024-10-28,False,False,False,True,4,False,False,False,0,14.9,11.55,2
16.9,4.7,0.0,15.8,72,2024-10-29,False,False,False,True,5,False,False,False,0,12.2,10.799999999999999,2
17.5,8.0,0.6,12.4,75,2024-10-30,False,False,False,True,6,False,False,False,0,9.5,12.75,2
17.3,7.0,0.0,10.6,74,2024-10-31,False,False,False,True,7,False,False,False,0,10.3,12.15,2
16.1,5.4,0.3,8.7,81,2024-11-01,False,False,False,True,8,False,False,False,0,10.700000000000001,10.75,2
17.8,5.7,0.0,14.8,78,2024-11-02,False,False,False,True,9,False,False,False,0,12.100000000000001,11.75,2
12.8,5.4,0.0,18.2,51,2024-11-03,False,False,False,True,10,True,False,False,0,7.4,9.100000000000001,2
11.7,0.5,0.0,10.3,60,2024-11-04,False,False,False,True,11,False,False,False,0,11.2,6.1,1
12.1,0.1,0.0,9.4,69,2024-11-05,False,False,False,True,12,False,False,False,0,12.0,6.1,1
13.7,-0.2,0.0,8.6,69,2024-11-06,True,False,False,True,13,False,False,False,0,13.899999999999999,6.75,1
15.4,1.2,0.0,8.6,73,2024-11-07,False,False,False,True,14,False,False,False,0,14.200000000000001,8.3,2
15.4,3.2,0.0,15.1,83,2024-11-08,False,False,False,True,15,False,False,False,0,12.2,9.3,2
15.6,5.0,0.0,13.1,76,2024-11-09,False,False,False,True,16,False,False,False,0,10.6,10.3,2
13.9,3.6,0.0,10.2,63,2024-11-10,False,False,False,True,17,False,False,False,0,10.3,8.75,2
14.0,4.8,0.0,12.8,46,2024-11-11,False,False,False,True,18,False,False,False,0,9.2,9.4,1
9.4,2.5,4.1,10.8,66,2024-11-12,False,False,False,False,1,False,False,True,2,6.9,5.95,2
9.3,3.7,2.4,6.4,89,2024-11-13,False,False,False,False,1,False,False,True,3,5.6000000000000005,6.5,2
10.4,1.6,0.5,10.3,88,2024-11-14,False,False,False,True,2,False,False,False,0,8.8,6.0,2
8.9,2.2,0.4,22.7,83,2024-11-15,False,False,False,True,3,True,False,False,0,6.7,5.550000000000001,2
8.4,-0.2,0.0,15.9,49,2024-11-16,True,False,False,True,4,False,False,False,0,8.6,4.1000000000000005,1
6.1,-2.7,0.0,11.9,54,2024-11-17,True,False,False,True,5,False,False,False,0,8.8,1.6999999999999997,1
4.0,-0.9,0.9,9.4,83,2024-11-18,True,False,False,True,6,False,False,False,0,4.9,1.55,1
8.1,-1.8,0.0,8.2,86,2024-11-19,True,False,False,True,7,False,False,False,0,9.9,3.15,1
8.6,-2.6,0.0,8.6,83,2024-11-20,True,False,False,True,8,False,False,False,0,11.2,3.0,1
7.1,-2.4,0.0,11.9,73,2024-11-21,True,False,False,True,9,False,False,False,0,9.5,2.3499999999999996,1
7.9,-2.5,0.0,11.4,72,2024-11-22,True,False,False,True,10,False,False,False,0,10.4,2.7,1
7.9,-2.2,0.0,10.5,85,2024-11-23,True,False,False,True,11,False,False,False,0,10.100000000000001,2.85,1
3.7,-1.5,0.3,13.8,69,2024-11-24,True,False,False,True,12,False,False,False,0,5.2,1.1,1
-1.9,-6.3,0.0,16.9,41,2024-11-25,True,False,False,True,13,False,False,False,0,4.4,-4.1,1
-0.4,-8.6,0.0,16.7,41,2024-11-26,True,False,False,True,14,False,False,False,0,8.2,-4.5,1
3.7,-5.2,0.0,15.6,40,2024-11-27,True,False,False,True,15,False,False,False,0,8.9,-0.75,1
5.2,-5.4,0.0,14.2,45,2024-11-28,True,False,False,True,16,False,False,False,0,10.600000000000001,-0.10000000000000009,1
6.2,-4.2,0.0,7.4,49,2024-11-29,True,False,False,True,17,False,False,False,0,10.4,1.0,1
6.8,-3.0,0.0,6.5,54,2024-11-30,True,False,False,True,18,False,False,False,0,9.8,1.9,1
6.4,-4.6,0.0,16.0,52,2024-12-01,True,False,False,True,19,False,False,False,0,11.0,0.9000000000000004,1
1.3,-6.0,0.0,11.5,48,2024-12-02,True,False,False,True,20,False,False,False,0,7.3,-2.35,1
3.8,-5.7,0.0,9.5,50,2024-12-03,True,False,False,True,21,False,False,False,0,9.5,-0.9500000000000002,1
3.6,-4.5,0.0,14.1,61,2024-12-04,True,False,False,True,22,False,False,False,0,8.1,-0.44999999999999996,1
2.3,-5.2,0.0,12.6,66,2024-12-05,True,False,False,True,23,False,False,False,0,7.5,-1.4500000000000002,1
2.2,-6.6,0.0,15.0,61,2024-12-06,True,False,False,True,24,False,False,False,0,8.8,-2.1999999999999997,1
-2.6,-7.2,0.0,11.4,50,2024-12-07,True,False,False,True,25,False,False,False,0,4.6,-4.9,1
0.6,-9.5,0.0,11.4,41,2024-12-08,True,False,False,True,26,False,False,False,0,10.1,-4.45,1
1.5,-8.1,0.0,13.3,47,2024-12-09,True,False,False,True,27,False,False,False,0,9.6,-3.3,1
-1.0,-5.7,1.7,11.9,62,2024-12-10,True,False,False,False,1,False,False,True,2,4.7,-3.35,1
-0.3,-8.4,0.0,9.7,72,2024-12-11,True,False,False,True,2,False,False,False,0,8.1,-4.3500000000000005,1
-2.2,-8.6,0.0,17.1,59,2024-12-12,True,False,False,True,3,True,False,False,0,6.3999999999999995,-5.4,1
-4.3,-12.1,0.0,13.3,52,2024-12-13,True,False,False,True,4,False,False,False,0,7.8,-8.2,1
-1.9,-13.4,0.0,8.3,43,2024-12-14,True,False,False,True,5,False,False,False,0,11.5,-7.65,1
-0.1,-12.5,0.0,6.8,36,2024-12-15,True,False,False,True,6,False,False,False,0,12.4,-6.3,1
1.2,-11.9,0.0,6.5,45,2024-12-16,True,False,False,True,7,False,False,False,0,13.1,-5.3500000000000005,1
-0.2,-11.7,0.0,7.5,41,2024-12-17,True,False,False,True,8,False,False,False,0,11.5,-5.949999999999999,1
-0.1,-8.4,0.0,11.6,43,2024-12-18,True,False,False,True,9,False,False,False,0,8.3,-4.25,1
-0.2,-10.7,0.2,16.9,55,2024-12-19,True,False,False,True,10,False,False,False,0,10.5,-5.449999999999999,1
-4.9,-12.1,0.0,12.9,51,2024-12-20,True,False,False,True,11,False,False,False,0,7.199999999999999,-8.5,1
-6.9,-14.9,0.0,13.1,45,2024-12-21,True,False,False,True,12,False,False,False,0,8.0,-10.9,1
-0.9,-13.4,0.0,12.3,46,2024-12-22,True,False,False,True,13,False,False,False,0,12.5,-7.15,1
0.4,-5.7,0.0,9.5,47,2024-12-23,True,False,False,True,14,False,False,False,0,6.1000000000000005,-2.65,1
-1.0,-11.9,0.0,9.1,52,2024-12-24,True,False,False,True,15,False,False,False,0,10.9,-6.45,1
-0.4,-10.0,0.0,12.3,42,2024-12-25,True,False,False,True,16,False,False,False,0,9.6,-5.2,1
-1.4,-10.6,0.2,17.9,46,2024-12-26,True,False,False,True,17,True,False,False,0,9.2,-6.0,1
-4.8,-13.2,0.0,17.0,49,2024-12-27,True,False,False,True,18,True,False,False,0,8.399999999999999,-9.0,1
-1.1,-15.4,0.0,9.2,42,2024-12-28,True,False,False,True,19,False,False,False,0,14.3,-8.25,1
3.0,-12.9,0.0,20.8,41,2024-12-29,True,False,False,True,20,True,False,False,0,15.9,-4.95,1
1.6,-9.9,0.0,9.5,44,2024-12-30,True,False,False,True,21,False,False,False,0,11.5,-4.15,1
3.5,-12.5,0.0,10.2,38,2024-12-31,True,False,False,True,22,False,False,False,0,16.0,-4.5,1
2.3,-8.8,0.0,11.5,39,2025-01-01,True,False,False,True,23,False,False,False,0,11.100000000000001,-3.2500000000000004,1
-0.2,-9.8,0.0,12.8,41,2025-01-02,True,False,False,True,24,False,False,False,0,9.600000000000001,-5.0,1
1.1,-8.8,0.2,9.8,43,2025-01-03,True,False,False,True,25,False,False,False,0,9.9,-3.8500000000000005,1
2.1,-10.6,0.0,20.0,50,2025-01-04,True,False,False,True,26,True,False,False,0,12.7,-4.25,1
2.4,-5.5,0.0,13.5,42,2025-01-05,True,False,False,True,27,False,False,False,0,7.9,-1.55,1
1.1,-9.0,0.0,10.4,34,2025-01-06,True,False,False,True,28,False,False,False,0,10.1,-3.95,1
1.0,-10.4,0.0,6.1,37,2025-01-07,True,False,False,True,29,False,False,False,0,11.4,-4.7,1
-1.4,-9.7,0.0,10.4,45,2025-01-08,True,False,False,True,30,False,False,False,0,8.299999999999999,-5.55,1
-1.5,-11.6,0.0,12.5,42,2025-01-09,True,False,False,True,31,False,False,False,0,10.1,-6.55,1
-1.2,-9.9,0.0,16.5,52,2025-01-10,True,False,False,True,32,False,False,False,0,8.700000000000001,-5.55,1
-1.9,-7.7,1.2,27.1,55,2025-01-11,True,False,False,False,1,True,False,True,2,5.800000000000001,-4.8,1
3.3,-13.1,0.0,15.7,51,2025-01-12,True,False,False,True,2,False,False,False,0,16.4,-4.9,1
4.3,-9.7,0.0,17.3,48,2025-01-13,True,False,False,True,3,True,False,False,0,14.0,-2.6999999999999997,1
-3.8,-9.9,0.0,15.5,49,2025-01-14,True,False,False,True,4,False,False,False,0,6.1000000000000005,-6.85,1
-2.8,-13.9,0.0,8.4,29,2025-01-15,True,False,False,True,5,False,False,False,0,11.100000000000001,-8.35,1
-0.4,-15.4,0.0,10.1,44,2025-01-16,True,False,False,True,6,False,False,False,0,15.0,-7.9,1
2.2,-12.6,0.0,8.6,31,2025-01-17,True,False,False,True,7,False,False,False,0,14.8,-5.199999999999999,1
4.2,-9.6,0.0,10.5,35,2025-01-18,True,False,False,True,8,False,False,False,0,13.8,-2.6999999999999997,1
4.9,-11.4,0.0,8.0,39,2025-01-19,True,False,False,True,9,False,False,False,0,16.3,-3.25,1
6.2,-9.7,0.0,8.8,36,2025-01-20,True,False,False,True,10,False,False,False,0,15.899999999999999,-1.7499999999999996,1
6.2,-5.2,0.0,10.0,32,2025-01-21,True,False,False,True,11,False,False,False,0,11.4,0.5,1
5.4,-8.0,0.0,12.4,35,2025-01-22,True,False,False,True,12,False,False,False,0,13.4,-1.2999999999999998,1
5.7,-6.0,0.0,13.1,37,2025-01-23,True,False,False,True,13,False,False,False,0,11.7,-0.1499999999999999,1
2.8,-2.5,5.2,16.3,87,2025-01-24,True,False,False,False,1,False,False,True,2,5.3,0.1499999999999999,2
-2.5,-13.1,3.9,13.0,79,2025-01-25,True,False,False,False,1,False,False,True,3,10.6,-7.8,1
-12.2,-23.3,0.0,7.9,71,2025-01-26,True,False,False,True,2,False,False,False,0,11.100000000000001,-17.75,1
-11.5,-24.2,0.0,6.4,76,2025-01-27,True,False,False,True,3,False,False,False,0,12.7,-17.85,1
-6.8,-23.0,0.0,5.2,77,2025-01-28,True,False,False,True,4,False,False,False,0,16.2,-14.9,1
-2.8,-19.6,0.0,5.8,74,2025-01-29,True,False,False,True,5,False,False,False,0,16.8,-11.200000000000001,1
0.3,-15.1,0.0,6.8,68,2025-01-30,True,False,False,True,6,False,False,False,0,15.4,-7.3999999999999995,1
0.4,-11.5,0.0,7.5,68,2025-01-31,True,False,False,True,7,False,False,False,0,11.9,-5.55,1
1.5,-10.2,0.0,14.2,67,2025-02-01,True,False,False,True,8,False,False,False,0,11.7,-4.35,1
-1.0,-9.6,0.0,16.7,63,2025-02-02,True,False,False,True,9,False,False,False,0,8.6,-5.3,1
-1.6,-13.9,0.0,12.7,62,2025-02-03,True,False,False,True,10,False,False,False,0,12.3,-7.75,1
-1.0,-14.4,0.0,24.6,61,2025-02-04,True,False,False,True,11,True,False,False,0,13.4,-7.7,1
-2.5,-15.5,0.0,20.9,52,2025-02-05,True,False,False,True,12,True,False,False,0,13.0,-9.0,1
-6.6,-15.9,0.0,35.0,40,2025-02-06,True,False,False,True,13,True,False,False,0,9.3,-11.25,1
-8.9,-22.2,0.0,22.8,38,2025-02-07,True,False,False,True,14,True,False,False,0,13.299999999999999,-15.55,1
-4.2,-17.4,0.0,11.4,39,2025-02-08,True,False,False,True,15,False,False,False,0,13.2,-10.799999999999999,1
1.5,-15.9,0.0,9.9,46,2025-02-09,True,False,False,True,16,False,False,False,0,17.4,-7.2,1
7.7,-12.4,0.0,11.7,46,2025-02-10,True,False,False,True,17,False,False,False,0,20.1,-2.35,1
2.3,-5.9,0.0,19.1,41,2025-02-11,True,False,False,True,18,True,False,False,0,8.2,-1.8000000000000003,1
0.3,-12.2,0.0,15.4,24,2025-02-12,True,False,False,True,19,False,True,False,0,12.5,-5.949999999999999,1
4.0,-11.9,0.0,11.4,21,2025-02-13,True,False,False,True,20,False,False,False,0,15.9,-3.95,1
7.3,-7.9,0.0,17.4,24,2025-02-14,True,False,False,True,21,True,True,False,0,15.2,-0.30000000000000027,1
5.3,-5.1,0.0,15.4,28,2025-02-15,True,False,False,True,22,False,True,False,0,10.399999999999999,0.10000000000000009,1
5.3,-6.0,0.0,9.7,42,2025-02-16,True,False,False,True,23,False,False,False,0,11.3,-0.3500000000000001,1
7.1,-5.1,0.0,15.5,36,2025-02-17,True,False,False,True,24,False,False,False,0,12.2,1.0,1
4.4,-4.1,0.0,14.8,33,2025-02-18,True,False,False,True,25,False,False,False,0,8.5,0.15000000000000036,1
4.1,-3.8,0.0,15.1,39,2025-02-19,True,False,False,True,26,False,False,False,0,7.8999999999999995,0.1499999999999999,1
4.2,-4.1,0.1,12.7,52,2025-02-20,True,False,False,True,27,False,False,False,0,8.3,0.050000000000000266,1
3.3,-5.1,0.0,18.4,50,2025-02-21,True,False,False,True,28,True,False,False,0,8.399999999999999,-0.8999999999999999,1
-0.8,-8.8,0.0,16.0,25,2025-02-22,True,False,False,True,29,False,True,False,0,8.0,-4.800000000000001,1
0.1,-10.1,0.0,13.4,16,2025-02-23,True,False,False,True,30,False,False,False,0,10.2,-5.0,1
4.8,-8.2,0.0,10.2,21,2025-02-24,True,False,False,True,31,False,False,False,0,13.0,-1.6999999999999997,1
8.2,-6.2,0.0,12.3,32,2025-02-25,True,False,False,True,32,False,False,False,0,14.399999999999999,0.9999999999999996,1
8.3,-5.8,0.0,9.9,34,2025-02-26,True,False,False,True,33,False,False,False,0,14.100000000000001,1.2500000000000004,1
10.4,-4.7,0.0,9.5,32,2025-02-27,True,False,False,True,34,False,False,False,0,15.100000000000001,2.85,1
10.9,-4.9,0.0,12.0,36,2025-02-28,True,False,False,True,35,False,False,False,0,15.8,3.0,1
12.6,-2.2,0.8,22.3,52,2025-03-01,True,False,False,True,36,True,False,False,0,14.8,5.199999999999999,1
3.3,-0.6,6.9,17.1,84,2025-03-02,True,False,False,False,1,True,False,True,2,3.9,1.3499999999999999,2
6.4,-2.7,0.8,12.4,82,2025-03-03,True,False,False,True,2,False,False,False,0,9.100000000000001,1.85,1
7.6,-3.8,0.0,8.7,77,2025-03-04,True,False,False,True,3,False,False,False,0,11.399999999999999,1.9,1
6.8,-2.7,0.0,14.2,73,2025-03-05,True,False,False,True,4,False,False,False,0,9.5,2.05,1
6.2,-4.3,0.1,10.8,60,2025-03-06,True,False,False,True,5,False,False,False,0,10.5,0.9500000000000002,1
9.6,-4.0,0.0,13.0,62,2025-03-07,True,False,False,True,6,False,False,False,0,13.6,2.8,1
12.4,-2.2,0.0,15.2,52,2025-03-08,True,False,False,True,7,False,False,False,0,14.600000000000001,5.1,1
13.6,-1.3,0.0,17.8,57,2025-03-09,True,False,False,True,8,True,False,False,0,14.9,6.1499999999999995,1
15.5,-0.4,0.2,15.9,59,2025-03-10,True,False,False,True,9,False,False,False,0,15.9,7.55,1
11.9,-0.1,0.0,18.3,50,2025-03-11,True,False,False,True,10,True,False,False,0,12.0,5.9,1
12.9,-4.1,0.0,10.0,44,2025-03-12,True,False,False,True,11,False,False,False,0,17.0,4.4,1
12.6,0.9,0.1,24.2,43,2025-03-13,False,False,False,True,12,True,False,False,0,11.7,6.75,1
10.2,0.6,0.3,31.2,51,2025-03-14,False,False,False,True,13,True,False,False,0,9.6,5.3999999999999995,1
3.5,-4.1,0.0,27.9,46,2025-03-15,True,False,False,True,14,True,False,False,0,7.6,-0.2999999999999998,1
4.2,-6.4,0.0,14.0,26,2025-03-16,True,False,False,True,15,False,False,False,0,10.600000000000001,-1.1,1
8.5,-7.2,0.0,16.3,27,2025-03-17,True,False,False,True,16,False,True,False,0,15.7,0.6499999999999999,1
10.2,-3.8,0.0,11.1,28,2025-03-18,True,False,False,True,17,False,False,False,0,14.0,3.1999999999999997,1
12.3,-4.1,0.0,9.8,28,2025-03-19,True,False,False,True,18,False,False,False,0,16.4,4.1000000000000005,1
14.1,-2.8,0.0,8.7,26,2025-03-20,True,False,False,True,19,False,False,False,0,16.9,5.65,1
15.4,-2.7,0.0,10.2,23,2025-03-21,True,False,False,True,20,False,False,False,0,18.1,6.35,1
16.8,-0.2,0.0,17.6,21,2025-03-22,True,False,False,True,21,True,True,False,0,17.0,8.3,0
19.8,4.5,0.0,25.6,19,2025-03-23,False,False,False,True,22,True,True,False,0,15.3,12.15,0
23.2,5.2,0.0,27.4,17,2025-03-24,False,False,False,True,23,True,True,False,0,18.0,14.2,0
22.9,6.5,0.0,35.7,30,2025-03-25,False,False,False,True,24,True,True,False,0,16.4,14.7,0
13.6,2.0,0.9,31.6,24,2025-03-26,False,False,False,True,25,True,True,False,0,11.6,7.8,0
3.4,-2.3,0.0,30.4,20,2025-03-27,True,False,False,True,26,True,True,False,0,5.699999999999999,0.55,1
2.3,-8.7,0.0,22.4,19,2025-03-28,True,False,False,True,27,True,True,False,0,11.0,-3.1999999999999997,1
6.8,-6.2,0.0,13.4,24,2025-03-29,True,False,False,True,28,False,False,False,0,13.0,0.2999999999999998,1
9.7,-3.7,0.0,11.1,25,2025-03-30,True,False,False,True,29,False,False,False,0,13.399999999999999,2.9999999999999996,1
14.4,-2.5,0.0,16.6,22,2025-03-31,True,False,False,True,30,False,True,False,0,16.9,5.95,1
16.0,-0.9,0.0,12.9,19,2025-04-01,True,False,False,True,31,False,False,False,0,16.9,7.55,0
15.6,-1.6,0.0,12.3,33,2025-04-02,True,False,False,True,32,False,False,False,0,17.2,7.0,1
18.7,1.8,0.0,20.9,29,2025-04-03,False,False,False,True,33,True,True,False,0,16.9,10.25,0
16.1,3.2,0.0,17.1,26,2025-04-04,False,False,False,True,34,True,True,False,0,12.900000000000002,9.65,0
19.4,-1.5,0.0,17.4,24,2025-04-05,True,False,False,True,35,True,True,False,0,20.9,8.95,0
23.9,5.2,0.0,17.6,14,2025-04-06,False,False,False,True,36,True,True,False,0,18.7,14.549999999999999,0
22.9,2.3,0.1,13.8,22,2025-04-07,False,False,False,True,37,False,False,False,0,20.599999999999998,12.6,0
20.3,8.8,0.3,27.4,36,2025-04-08,False,False,False,True,38,True,False,False,0,11.5,14.55,0
19.8,6.3,0.0,13.9,19,2025-04-09,False,False,False,True,39,False,False,False,0,13.5,13.05,0
22.2,6.1,0.0,28.5,23,2025-04-10,False,False,False,True,40,True,True,False,0,16.1,14.149999999999999,0
14.6,-2.2,0.1,36.2,23,2025-04-11,True,False,False,True,41,True,True,False,0,16.8,6.199999999999999,0
11.5,-6.9,0.0,22.6,21,2025-04-12,True,False,False,True,42,True,True,False,0,18.4,2.3,1
20.2,2.4,0.0,22.9,29,2025-04-13,False,False,False,True,43,True,True,False,0,17.8,11.299999999999999,0
22.8,5.4,0.0,8.7,35,2025-04-14,False,False,False,True,44,False,False,False,0,17.4,14.100000000000001,0
25.9,8.1,0.0,24.8,26,2025-04-15,False,False,False,True,45,True,True,False,0,17.799999999999997,17.0,0
24.2,10.1,0.0,23.5,21,2025-04-16,False,False,False,True,46,True,True,False,0,14.1,17.15,0
27.1,8.7,0.0,29.4,23,2025-04-17,False,False,False,True,47,True,True,False,0,18.400000000000002,17.9,0
19.8,10.6,1.4,19.2,34,2025-04-18,False,False,False,False,1,True,False,True,2,9.200000000000001,15.2,0
26.0,6.9,0.0,18.8,33,2025-04-19,False,False,False,True,2,True,False,False,0,19.1,16.45,0
27.6,11.9,0.0,19.4,35,2025-04-20,False,False,False,True,3,True,False,False,0,15.700000000000001,19.75,0
19.5,8.8,1.8,29.8,39,2025-04-21,False,False,False,False,1,True,False,True,2,10.7,14.15,0
21.0,2.2,0.0,12.5,26,2025-04-22,False,False,False,True,2,False,False,False,0,18.8,11.6,0
23.8,8.1,0.0,26.2,20,2025-04-23,False,False,False,True,3,True,True,False,0,15.700000000000001,15.95,0
22.7,5.9,0.0,11.8,19,2025-04-24,False,False,False,True,4,False,False,False,0,16.799999999999997,14.3,0
26.2,9.2,0.0,20.7,18,2025-04-25,False,False,False,True,5,True,True,False,0,17.0,17.7,0
24.8,14.2,0.0,31.3,19,2025-04-26,False,False,False,True,6,True,True,False,0,10.600000000000001,19.5,0
18.7,8.2,0.0,20.5,15,2025-04-27,False,False,False,True,7,True,True,False,0,10.5,13.45,0
22.0,5.8,0.0,14.5,14,2025-04-28,False,False,False,True,8,False,False,False,0,16.2,13.9,0
25.2,8.7,0.1,25.0,21,2025-04-29,False,False,False,True,9,True,True,False,0,16.5,16.95,0
23.5,13.6,0.3,19.6,33,2025-04-30,False,False,False,True,10,True,False,False,0,9.9,18.55,0
30.8,13.6,0.0,22.9,23,2025-05-01,False,False,False,True,11,True,True,False,0,17.200000000000003,22.2,0
26.4,11.9,0.0,39.4,32,2025-05-02,False,False,False,True,12,True,False,False,0,14.499999999999998,19.15,0
20.8,6.6,0.0,12.5,31,2025-05-03,False,False,False,True,13,False,False,False,0,14.200000000000001,13.7,0
13.9,7.2,5.5,26.5,44,2025-05-04,False,False,False,False,1,True,False,True,2,6.7,10.55,2
16.6,8.1,0.3,33.9,35,2025-05-05,False,False,False,True,2,True,False,False,0,8.500000000000002,12.350000000000001,0
24.5,5.3,0.0,11.4,35,2025-05-06,False,False,False,True,3,False,False,False,0,19.2,14.9,0
21.9,12.0,0.1,19.5,40,2025-05-07,False,False,False,True,4,True,False,False,0,9.899999999999999,16.95,0
17.8,9.0,0.0,15.0,46,2025-05-08,False,False,False,True,5,False,False,False,0,8.8,13.4,2
18.1,5.8,0.2,26.8,44,2025-05-09,False,False,False,True,6,True,False,False,0,12.3,11.950000000000001,0
21.6,6.5,0.0,11.9,32,2025-05-10,False,False,False,True,7,False,False,False,0,15.100000000000001,14.05,0
27.4,8.6,0.0,17.7,18,2025-05-11,False,False,False,True,8,True,True,False,0,18.799999999999997,18.0,0
28.1,13.6,0.0,22.0,20,2025-05-12,False,False,False,True,9,True,True,False,0,14.500000000000002,20.85,0
28.3,15.2,0.2,26.1,30,2025-05-13,False,False,False,True,10,True,True,False,0,13.100000000000001,21.75,0
27.1,12.0,0.0,14.1,37,2025-05-14,False,False,False,True,11,False,False,False,0,15.100000000000001,19.55,0
30.6,14.2,0.0,11.1,22,2025-05-15,False,False,False,True,12,False,False,False,0,16.400000000000002,22.4,0
29.3,16.3,0.0,28.4,17,2025-05-16,False,False,False,True,13,True,True,False,0,13.0,22.8,0
22.0,8.8,0.0,25.3,26,2025-05-17,False,False,False,True,14,True,True,False,0,13.2,15.4,0
30.9,11.2,0.0,18.7,24,2025-05-18,False,False,False,True,15,True,True,False,0,19.7,21.049999999999997,0
35.5,18.6,0.0,19.7,16,2025-05-19,False,True,False,True,16,True,True,False,0,16.9,27.05,0
36.9,18.8,0.0,20.9,17,2025-05-20,False,True,False,True,17,True,True,False,0,18.099999999999998,27.85,0
34.3,20.2,0.0,20.3,21,2025-05-21,False,False,False,True,18,True,True,False,0,14.099999999999998,27.25,0
22.7,12.1,3.1,26.9,53,2025-05-22,False,False,False,False,1,True,False,True,2,10.6,17.4,0
21.5,9.2,0.0,26.3,41,2025-05-23,False,False,False,True,2,True,False,False,0,12.3,15.35,0
24.2,9.4,0.0,12.7,39,2025-05-24,False,False,False,True,3,False,False,False,0,14.799999999999999,16.8,0
24.0,11.4,0.1,13.9,41,2025-05-25,False,False,False,True,4,False,False,False,0,12.6,17.7,0
27.4,11.8,0.0,12.6,38,2025-05-26,False,False,False,True,5,False,False,False,0,15.599999999999998,19.6,0
29.4,14.6,0.0,24.1,39,2025-05-27,False,False,False,True,6,True,False,False,0,14.799999999999999,22.0,0
31.5,16.5,0.0,24.3,36,2025-05-28,False,False,False,True,7,True,False,False,0,15.0,24.0,0
32.2,18.0,0.0,26.7,36,2025-05-29,False,False,False,True,8,True,False,False,0,14.200000000000003,25.1,0
25.1,14.1,0.5,31.5,43,2025-05-30,False,False,False,True,9,True,False,False,0,11.000000000000002,19.6,0
26.8,10.9,0.0,11.4,44,2025-05-31,False,False,False,True,10,False,False,False,0,15.9,18.85,0
28.8,16.9,0.0,15.7,30,2025-06-01,False,False,False,True,11,False,True,False,0,11.900000000000002,22.85,0
27.8,14.9,0.0,19.1,17,2025-06-02,False,False,False,True,12,True,True,False,0,12.9,21.35,0
28.9,13.1,0.0,12.1,20,2025-06-03,False,False,False,True,13,False,False,False,0,15.799999999999999,21.0,0
32.0,15.1,0.0,18.1,21,2025-06-04,False,False,False,True,14,True,True,False,0,16.9,23.55,0
30.9,17.0,0.0,11.1,24,2025-06-05,False,False,False,True,15,False,False,False,0,13.899999999999999,23.95,0
34.4,17.8,0.0,13.7,21,2025-06-06,False,False,False,True,16,False,False,False,0,16.599999999999998,26.1,0
33.2,20.6,0.0,25.0,19,2025-06-07,False,False,False,True,17,True,True,False,0,12.600000000000001,26.900000000000002,0
33.5,21.2,0.1,21.6,23,2025-06-08,False,False,False,True,18,True,True,False,0,12.3,27.35,0
33.5,20.6,0.0,24.9,23,2025-06-09,False,False,False,True,19,True,True,False,0,12.899999999999999,27.05,0
33.0,17.6,0.0,12.0,23,2025-06-10,False,False,False,True,20,False,False,False,0,15.399999999999999,25.3,0
37.2,19.4,0.0,16.4,20,2025-06-11,False,True,False,True,21,False,True,False,0,17.800000000000004,28.3,0
33.7,22.0,0.0,28.9,23,2025-06-12,False,False,False,True,22,True,True,False,0,11.700000000000003,27.85,0
31.2,19.0,2.1,22.3,34,2025-06-13,False,False,False,False,1,True,False,True,2,12.2,25.1,0
21.5,15.1,1.7,27.1,57,2025-06-14,False,False,False,False,1,True,False,True,3,6.4,18.3,2
28.2,12.6,0.0,27.9,35,2025-06-15,False,False,False,True,2,True,False,False,0,15.6,20.4,0
32.5,15.1,0.0,12.9,28,2025-06-16,False,False,False,True,3,False,False,False,0,17.4,23.8,0
30.2,18.0,0.2,9.6,30,2025-06-17,False,False,False,True,4,False,False,False,0,12.2,24.1,0
32.8,19.5,0.0,20.4,36,2025-06-18,False,False,False,True,5,True,False,False,0,13.299999999999997,26.15,0
30.2,20.0,0.1,19.8,41,2025-06-19,False,False,False,True,6,True,False,False,0,10.2,25.1,0
33.0,16.8,0.0,11.3,43,2025-06-20,False,False,False,True,7,False,False,False,0,16.2,24.9,0
33.1,17.9,0.0,8.4,32,2025-06-21,False,False,False,True,8,False,False,False,0,15.200000000000003,25.5,0
29.9,19.1,0.2,27.5,44,2025-06-22,False,False,False,True,9,True,False,False,0,10.799999999999997,24.5,0
26.5,18.4,4.7,15.8,60,2025-06-23,False,False,False,False,1,False,False,True,2,8.100000000000001,22.45,2
26.7,18.9,0.1,17.6,56,2025-06-24,False,False,False,True,2,True,False,False,0,7.800000000000001,22.799999999999997,2
25.4,18.0,1.0,18.3,51,2025-06-25,False,False,False,False,1,True,False,True,2,7.399999999999999,21.7,2
27.3,16.1,0.4,10.8,53,2025-06-26,False,False,False,True,2,False,False,False,0,11.2,21.700000000000003,2
25.2,17.0,5.1,13.6,75,2025-06-27,False,False,False,False,1,False,False,True,2,8.2,21.1,2
29.8,16.5,0.0,10.2,57,2025-06-28,False,False,False,True,2,False,False,False,0,13.3,23.15,2
30.0,18.4,3.5,11.7,56,2025-06-29,False,False,False,False,1,False,False,True,2,11.600000000000001,24.2,2
26.6,17.1,10.1,7.4,74,2025-06-30,False,False,False,False,1,False,False,True,3,9.5,21.85,2
27.8,17.5,0.0,11.7,63,2025-07-01,False,False,False,True,2,False,False,False,0,10.3,22.65,2
30.0,19.1,0.2,12.2,62,2025-07-02,False,False,False,True,3,False,False,False,0,10.899999999999999,24.55,2
33.5,18.4,0.0,9.1,54,2025-07-03,False,False,False,True,4,False,False,False,0,15.100000000000001,25.95,0
23.4,16.6,7.6,18.3,72,2025-07-04,False,False,False,False,1,True,False,True,2,6.799999999999997,20.0,2
28.2,13.7,0.0,5.9,66,2025-07-05,False,False,False,True,2,False,False,False,0,14.5,20.95,2
28.7,18.5,0.0,12.7,53,2025-07-06,False,False,False,True,3,False,False,False,0,10.2,23.6,2
33.3,17.6,0.0,10.8,47,2025-07-07,False,False,False,True,4,False,False,False,0,15.699999999999996,25.45,0
31.8,20.6,1.4,18.0,58,2025-07-08,False,False,False,False,1,True,False,True,2,11.2,26.200000000000003,2
31.7,18.0,0.5,10.7,55,2025-07-09,False,False,False,True,2,False,False,False,0,13.7,24.85,0
36.5,20.0,0.1,20.5,47,2025-07-10,False,True,False,True,3,True,False,False,0,16.5,28.25,0
34.7,22.9,0.6,23.7,50,2025-07-11,False,False,False,True,4,True,False,False,0,11.800000000000004,28.8,0
35.0,23.5,0.0,21.9,47,2025-07-12,False,True,False,True,5,True,False,False,0,11.5,29.25,0
37.2,23.4,0.0,20.3,42,2025-07-13,False,True,False,True,6,True,False,False,0,13.800000000000004,30.3,0
37.5,24.6,0.0,15.0,39,2025-07-14,False,True,False,True,7,False,False,False,0,12.899999999999999,31.05,0
38.5,26.5,0.0,16.9,32,2025-07-15,False,True,True,True,8,False,False,False,0,12.0,32.5,0
36.3,24.4,0.1,13.5,33,2025-07-16,False,True,False,True,9,False,False,False,0,11.899999999999999,30.349999999999998,0
36.5,23.9,0.1,16.4,33,2025-07-17,False,True,False,True,10,False,False,False,0,12.600000000000001,30.2,0
35.0,23.5,6.5,19.7,58,2025-07-18,False,True,False,False,1,True,False,True,2,11.5,29.25,2
27.4,21.5,12.1,15.2,85,2025-07-19,False,False,False,False,1,False,False,True,3,5.899999999999999,24.45,2
28.3,19.5,0.3,7.5,67,2025-07-20,False,False,False,True,2,False,False,False,0,8.8,23.9,2
31.4,17.1,0.0,14.9,56,2025-07-21,False,False,False,True,3,False,False,False,0,14.299999999999997,24.25,0
31.5,18.5,1.0,17.8,60,2025-07-22,False,False,False,False,1,True,False,True,2,13.0,25.0,0
33.5,21.2,0.4,14.3,62,2025-07-23,False,False,False,True,2,False,False,False,0,12.3,27.35,2
24.6,21.1,13.2,13.0,89,2025-07-24,False,False,False,False,1,False,False,True,2,3.5,22.85,2
27.5,19.6,0.5,10.3,83,2025-07-25,False,False,False,True,2,False,False,False,0,7.899999999999999,23.55,2
30.1,19.4,0.3,10.6,77,2025-07-26,False,False,False,True,3,False,False,False,0,10.700000000000003,24.75,2
31.5,20.1,0.0,8.7,72,2025-07-27,False,False,False,True,4,False,False,False,0,11.399999999999999,25.8,2
33.2,22.4,0.0,14.9,65,2025-07-28,False,False,False,True,5,False,False,False,0,10.800000000000004,27.8,2
33.2,21.5,0.0,18.8,56,2025-07-29,False,False,False,True,6,True,False,False,0,11.700000000000003,27.35,0
35.0,19.0,4.1,13.2,51,2025-07-30,False,True,False,False,1,False,False,True,2,16.0,27.0,0
25.3,20.4,10.2,19.4,87,2025-07-31,False,False,False,False,1,True,False,True,3,4.900000000000002,22.85,2
29.0,19.6,0.6,6.0,82,2025-08-01,False,False,False,True,2,False,False,False,0,9.399999999999999,24.3,2
31.8,21.0,1.6,11.1,75,2025-08-02,False,False,False,False,1,False,False,True,2,10.8,26.4,2
31.6,21.5,6.0,13.1,78,2025-08-03,False,False,False,False,1,False,False,True,3,10.100000000000001,26.55,2
25.9,21.8,4.2,13.5,87,2025-08-04,False,False,False,False,1,False,False,True,4,4.099999999999998,23.85,2
28.6,21.0,0.0,7.8,79,2025-08-05,False,False,False,True,2,False,False,False,0,7.600000000000001,24.8,2
28.0,20.5,0.0,6.7,74,2025-08-06,False,False,False,True,3,False,False,False,0,7.5,24.25,2
29.6,20.0,16.5,14.7,73,2025-08-07,False,False,False,False,1,False,False,True,2,9.600000000000001,24.8,2
24.8,19.4,15.6,11.0,85,2025-08-08,False,False,False,False,1,False,False,True,3,5.400000000000002,22.1,2
28.5,18.1,0.0,9.5,73,2025-08-09,False,False,False,True,2,False,False,False,0,10.399999999999999,23.3,2
29.1,19.5,1.8,12.6,72,2025-08-10,False,False,False,False,1,False,False,True,2,9.600000000000001,24.3,2
31.0,17.4,0.5,13.2,68,2025-08-11,False,False,False,True,2,False,False,False,0,13.600000000000001,24.2,2
29.4,19.4,0.7,20.5,55,2025-08-12,False,False,False,True,3,True,False,False,0,10.0,24.4,2
30.0,15.7,0.0,9.0,53,2025-08-13,False,False,False,True,4,False,False,False,0,14.3,22.85,0
32.0,17.0,0.0,14.8,56,2025-08-14,False,False,False,True,5,False,False,False,0,15.0,24.5,0
32.0,19.4,0.0,12.2,54,2025-08-15,False,False,False,True,6,False,False,False,0,12.600000000000001,25.7,0
33.5,20.5,0.0,14.8,55,2025-08-16,False,False,False,True,7,False,False,False,0,13.0,27.0,0
33.3,22.0,0.0,10.1,54,2025-08-17,False,False,False,True,8,False,False,False,0,11.299999999999997,27.65,2
32.4,22.1,0.0,14.9,53,2025-08-18,False,False,False,True,9,False,False,False,0,10.299999999999997,27.25,2
32.8,21.2,0.2,15.0,59,2025-08-19,False,False,False,True,10,False,False,False,0,11.599999999999998,27.0,2
29.5,20.2,0.3,16.8,64,2025-08-20,False,False,False,True,11,False,False,False,0,9.3,24.85,2
25.4,16.5,2.3,11.9,66,2025-08-21,False,False,False,False,1,False,False,True,2,8.899999999999999,20.95,2
24.9,14.8,2.0,16.4,68,2025-08-22,False,False,False,False,1,False,False,True,3,10.099999999999998,19.85,2
25.0,14.0,0.1,8.0,74,2025-08-23,False,False,False,True,2,False,False,False,0,11.0,19.5,2
26.5,14.9,0.0,8.8,66,2025-08-24,False,False,False,True,3,False,False,False,0,11.6,20.7,2
29.0,16.8,0.0,14.5,61,2025-08-25,False,False,False,True,4,False,False,False,0,12.2,22.9,2
24.5,17.8,27.2,18.8,86,2025-08-26,False,False,False,False,1,True,False,True,2,6.699999999999999,21.15,2
21.0,16.9,2.3,14.2,84,2025-08-27,False,False,False,False,1,False,False,True,3,4.100000000000001,18.95,2
22.1,15.4,0.5,17.7,82,2025-08-28,False,False,False,True,2,True,False,False,0,6.700000000000001,18.75,2
25.5,14.0,0.0,19.2,64,2025-08-29,False,False,False,True,3,True,False,False,0,11.5,19.75,2
25.7,13.4,0.0,9.9,72,2025-08-30,False,False,False,True,4,False,False,False,0,12.299999999999999,19.55,2
27.5,13.9,0.0,10.9,67,2025-08-31,False,False,False,True,5,False,False,False,0,13.6,20.7,2
30.4,16.5,0.0,8.9,57,2025-09-01,False,False,False,True,6,False,False,False,0,13.899999999999999,23.45,2
23.0,16.6,5.3,10.0,71,2025-09-02,False,False,False,False,1,False,False,True,2,6.399999999999999,19.8,2
26.4,13.6,0.0,8.7,71,2025-09-03,False,False,False,True,2,False,False,False,0,12.799999999999999,20.0,2
28.0,16.8,0.1,10.1,69,2025-09-04,False,False,False,True,3,False,False,False,0,11.2,22.4,2
24.1,14.9,0.2,11.7,62,2025-09-05,False,False,False,True,4,False,False,False,0,9.200000000000001,19.5,2
27.9,11.6,0.0,13.9,56,2025-09-06,False,False,False,True,5,False,False,False,0,16.299999999999997,19.75,0
26.8,14.2,0.0,10.1,52,2025-09-07,False,False,False,True,6,False,False,False,0,12.600000000000001,20.5,2
30.0,13.4,0.0,9.8,46,2025-09-08,False,False,False,True,7,False,False,False,0,16.6,21.7,0
30.5,16.6,0.0,15.2,47,2025-09-09,False,False,False,True,8,False,False,False,0,13.899999999999999,23.55,0
30.9,17.0,0.0,11.0,58,2025-09-10,False,False,False,True,9,False,False,False,0,13.899999999999999,23.95,2
28.8,18.4,2.1,21.5,67,2025-09-11,False,False,False,False,1,True,False,True,2,10.400000000000002,23.6,2
28.6,16.3,0.3,8.0,68,2025-09-12,False,False,False,True,2,False,False,False,0,12.3,22.450000000000003,2
28.7,17.1,0.0,12.1,47,2025-09-13,False,False,False,True,3,False,False,False,0,11.599999999999998,22.9,0
29.7,14.1,0.0,11.9,37,2025-09-14,False,False,False,True,4,False,False,False,0,15.6,21.9,0
29.4,17.3,0.0,22.5,45,2025-09-15,False,False,False,True,5,True,False,False,0,12.099999999999998,23.35,0
22.0,14.2,3.2,23.1,47,2025-09-16,False,False,False,False,1,True,False,True,2,7.800000000000001,18.1,2
21.6,12.8,0.1,7.5,61,2025-09-17,False,False,False,True,2,False,False,False,0,8.8,17.200000000000003,2
20.4,13.3,4.9,14.7,68,2025-09-18,False,False,False,False,1,False,False,True,2,7.099999999999998,16.85,2
23.7,12.1,0.0,9.4,72,2025-09-19,False,False,False,True,2,False,False,False,0,11.6,17.9,2
22.0,14.3,0.0,11.3,64,2025-09-20,False,False,False,True,3,False,False,False,0,7.699999999999999,18.15,2
17.2,12.1,7.1,11.3,81,2025-09-21,False,False,False,False,1,False,False,True,2,5.1,14.649999999999999,2
21.5,8.9,4.5,19.7,78,2025-09-22,False,False,False,False,1,True,False,True,3,12.6,15.2,2
21.6,9.7,6.5,16.3,67,2025-09-23,False,False,False,False,1,False,False,True,4,11.900000000000002,15.65,2
22.0,7.6,0.0,13.3,64,2025-09-24,False,False,False,True,2,False,False,False,0,14.4,14.8,2
21.9,12.9,0.2,12.5,61,2025-09-25,False,False,False,True,3,False,False,False,0,8.999999999999998,17.4,2
22.3,12.4,0.2,8.5,71,2025-09-26,False,False,False,True,4,False,False,False,0,9.9,17.35,2
22.8,12.4,0.3,6.7,77,2025-09-27,False,False,False,True,5,False,False,False,0,10.4,17.6,2
23.3,11.8,0.0,11.5,64,2025-09-28,False,False,False,True,6,False,False,False,0,11.5,17.55,2
23.9,13.1,0.0,13.2,59,2025-09-29,False,False,False,True,7,False,False,False,0,10.799999999999999,18.5,2
24.0,10.6,0.0,10.9,61,2025-09-30,False,False,False,True,8,False,False,False,0,13.4,17.3,2
19.3,12.3,0.2,18.0,63,2025-10-01,False,False,False,True,9,True,False,False,0,7.0,15.8,2
21.8,9.0,0.0,10.0,69,2025-10-02,False,False,False,True,10,False,False,False,0,12.8,15.4,2
20.9,9.8,0.0,9.0,78,2025-10-03,False,False,False,True,11,False,False,False,0,11.099999999999998,15.35,2
22.8,12.5,0.0,9.7,63,2025-10-04,False,False,False,True,12,False,False,False,0,10.3,17.65,2
16.6,10.3,1.0,22.0,56,2025-10-05,False,False,False,False,1,True,False,True,2,6.300000000000001,13.450000000000001,2
19.3,7.8,0.0,10.5,74,2025-10-06,False,False,False,True,2,False,False,False,0,11.5,13.55,2
18.2,12.5,1.6,14.4,53,2025-10-07,False,False,False,False,1,False,False,True,2,5.699999999999999,15.35,2
13.2,10.3,8.6,18.4,86,2025-10-08,False,False,False,False,1,True,False,True,3,2.8999999999999986,11.75,2
13.9,10.0,1.6,8.1,84,2025-10-09,False,False,False,False,1,False,False,True,4,3.9000000000000004,11.95,2
11.1,9.2,4.0,7.4,92,2025-10-10,False,False,False,False,1,False,False,True,5,1.9000000000000004,10.149999999999999,2
13.3,7.9,0.1,6.4,81,2025-10-11,False,False,False,True,2,False,False,False,0,5.4,10.600000000000001,2
17.1,9.4,0.2,12.7,77,2025-10-12,False,False,False,True,3,False,False,False,0,7.700000000000001,13.25,2
20.0,6.6,0.0,13.8,71,2025-10-13,False,False,False,True,4,False,False,False,0,13.4,13.3,2
18.5,8.9,0.1,13.0,77,2025-10-14,False,False,False,True,5,False,False,False,0,9.6,13.7,2
18.3,7.8,0.0,8.5,82,2025-10-15,False,False,False,True,6,False,False,False,0,10.5,13.05,2
17.0,7.4,0.0,31.9,73,2025-10-16,False,False,False,True,7,True,False,False,0,9.6,12.2,2
9.9,3.3,0.0,15.7,50,2025-10-17,False,False,False,True,8,False,False,False,0,6.6000000000000005,6.6,1
14.2,3.4,0.0,18.3,63,2025-10-18,False,False,False,True,9,True,False,False,0,10.799999999999999,8.799999999999999,2
6.2,-2.7,0.0,15.0,60,2025-10-19,True,False,False,True,10,False,False,False,0,8.9,1.75,1
10.1,-0.6,0.0,15.4,65,2025-10-20,True,False,False,True,11,False,False,False,0,10.7,4.75,1
12.2,3.9,0.1,13.6,79,2025-10-21,False,False,False,True,12,False,False,False,0,8.299999999999999,8.049999999999999,2
13.9,6.9,0.0,11.1,76,2025-10-22,False,False,False,True,13,False,False,False,0,7.0,10.4,2
12.9,4.3,0.0,12.4,79,2025-10-23,False,False,False,True,14,False,False,False,0,8.600000000000001,8.6,2
14.2,4.2,0.0,10.2,78,2025-10-24,False,False,False,True,15,False,False,False,0,10.0,9.2,2
13.5,5.3,0.5,18.9,80,2025-10-25,False,False,False,True,16,True,False,False,0,8.2,9.4,2
10.4,0.5,0.0,11.0,61,2025-10-26,False,False,False,True,17,False,False,False,0,9.9,5.45,1
13.1,0.6,0.0,8.7,68,2025-10-27,False,False,False,True,18,False,False,False,0,12.5,6.85,1
16.3,0.2,0.0,8.3,75,2025-10-28,False,False,False,True,19,False,False,False,0,16.1,8.25,2
15.6,2.0,0.0,8.0,72,2025-10-29,False,False,False,True,20,False,False,False,0,13.6,8.8,2
14.8,2.3,0.0,14.6,68,2025-10-30,False,False,False,True,21,False,False,False,0,12.5,8.55,2
14.2,1.5,0.0,6.8,66,2025-10-31,False,False,False,True,22,False,False,False,0,12.7,7.85,1
13.9,0.2,0.0,8.2,68,2025-11-01,False,False,False,True,23,False,False,False,0,13.700000000000001,7.05,1
13.4,-0.2,0.0,9.6,63,2025-11-02,True,False,False,True,24,False,False,False,0,13.6,6.6000000000000005,1
15.1,1.3,0.0,11.4,65,2025-11-03,False,False,False,True,25,False,False,False,0,13.799999999999999,8.2,1
15.2,2.8,0.0,9.7,78,2025-11-04,False,False,False,True,26,False,False,False,0,12.399999999999999,9.0,2
13.6,4.2,0.1,11.5,80,2025-11-05,False,False,False,True,27,False,False,False,0,9.399999999999999,8.9,2
12.6,8.1,5.0,13.5,87,2025-11-06,False,False,False,False,1,False,False,True,2,4.5,10.35,2
11.4,4.7,0.1,9.8,65,2025-11-07,False,False,False,True,2,False,False,False,0,6.7,8.05,2
11.2,0.1,0.0,18.4,58,2025-11-08,False,False,False,True,3,True,False,False,0,11.1,5.6499999999999995,1
10.8,-2.8,0.0,10.6,60,2025-11-09,True,False,False,True,4,False,False,False,0,13.600000000000001,4.0,1
10.9,-0.6,0.0,11.7,64,2025-11-10,True,False,False,True,5,False,False,False,0,11.5,5.15,1
12.4,0.8,0.0,11.9,80,2025-11-11,False,False,False,True,6,False,False,False,0,11.6,6.6000000000000005,2
10.2,0.8,0.0,13.9,59,2025-11-12,False,False,False,True,7,False,False,False,0,9.399999999999999,5.5,1
9.8,-3.3,0.0,10.4,63,2025-11-13,True,False,False,True,8,False,False,False,0,13.100000000000001,3.2500000000000004,1
13.6,-1.2,0.0,16.7,41,2025-11-14,True,False,False,True,9,False,False,False,0,14.799999999999999,6.2,1
11.7,-2.5,0.0,16.2,52,2025-11-15,True,False,False,True,10,False,False,False,0,14.2,4.6,1
0.4,-6.9,0.0,22.7,43,2025-11-16,True,False,False,True,11,True,False,False,0,7.300000000000001,-3.25,1
-3.4,-9.2,0.0,13.0,29,2025-11-17,True,False,False,True,12,False,False,False,0,5.799999999999999,-6.3,1
1.4,-9.9,0.0,7.4,32,2025-11-18,True,False,False,True,13,False,False,False,0,11.3,-4.25,1
5.4,-6.8,0.0,11.3,34,2025-11-19,True,False,False,True,14,False,False,False,0,12.2,-0.6999999999999997,1
5.5,-4.8,0.0,8.3,45,2025-11-20,True,False,False,True,15,False,False,False,0,10.3,0.3500000000000001,1
6.3,-7.4,0.0,6.0,48,2025-11-21,True,False,False,True,16,False,False,False,0,13.7,-0.5500000000000003,1
8.3,-4.2,0.0,19.2,41,2025-11-22,True,False,False,True,17,True,False,False,0,12.5,2.0500000000000003,1
10.4,0.9,0.0,21.8,39,2025-11-23,False,False,False,True,18,True,False,False,0,9.5,5.65,1
1.6,-5.2,0.0,16.3,38,2025-11-24,True,False,False,True,19,False,False,False,0,6.800000000000001,-1.8,1
9.2,-4.8,0.0,26.4,33,2025-11-25,True,False,False,True,20,True,False,False,0,14.0,2.1999999999999997,1
2.2,-3.2,0.2,26.9,37,2025-11-26,True,False,False,True,21,True,False,False,0,5.4,-0.5,1
10.6,-2.4,0.0,24.8,28,2025-11-27,True,False,False,True,22,True,True,False,0,13.0,4.1,1
12.8,0.6,0.0,22.5,19,2025-11-28,False,False,False,True,23,True,True,False,0,12.200000000000001,6.7,1
12.6,-1.6,0.0,12.2,29,2025-11-29,True,False,False,True,24,False,False,False,0,14.2,5.5,1
4.3,-5.8,0.0,18.4,27,2025-11-30,True,False,False,True,25,True,True,False,0,10.1,-0.75,1
4.2,-9.5,0.0,20.3,31,2025-12-01,True,False,False,True,26,True,False,False,0,13.7,-2.65,1
-3.4,-11.6,0.0,13.6,39,2025-12-02,True,False,False,True,27,False,False,False,0,8.2,-7.5,1
2.8,-13.1,0.0,11.9,51,2025-12-03,True,False,False,True,28,False,False,False,0,15.899999999999999,-5.15,1
1.6,-9.9,0.0,7.6,46,2025-12-04,True,False,False,True,29,False,False,False,0,11.5,-4.15,1
10.1,-7.9,0.0,15.0,30,2025-12-05,True,False,False,True,30,False,True,False,0,18.0,1.0999999999999996,1
9.9,-3.8,0.0,15.0,32,2025-12-06,True,False,False,True,31,False,False,False,0,13.7,3.0500000000000003,1
5.9,-3.8,0.0,16.7,41,2025-12-07,True,False,False,True,32,False,False,False,0,9.7,1.0500000000000003,1
6.7,-6.3,0.0,16.3,49,2025-12-08,True,False,False,True,33,False,False,False,0,13.0,0.20000000000000018,1
6.7,-7.9,0.0,7.3,55,2025-12-09,True,False,False,True,34,False,False,False,0,14.600000000000001,-0.6000000000000001,1
6.1,-6.2,0.0,12.6,62,2025-12-10,True,False,False,True,35,False,False,False,0,12.3,-0.050000000000000266,1
4.2,-5.8,0.0,15.8,58,2025-12-11,True,False,False,True,36,False,False,False,0,10.0,-0.7999999999999998,1
0.0,-5.3,0.0,18.2,47,2025-12-12,True,False,False,True,37,True,False,False,0,5.3,-2.65,1
-4.6,-13.9,0.0,14.8,50,2025-12-13,True,False,False,True,38,False,False,False,0,9.3,-9.25,1
3.3,-16.3,0.0,11.7,48,2025-12-14,True,False,False,True,39,False,False,False,0,19.6,-6.5,1
5.7,-8.9,0.1,9.0,49,2025-12-15,True,False,False,True,40,False,False,False,0,14.600000000000001,-1.6,1
5.2,-5.6,0.0,10.6,44,2025-12-16,True,False,False,True,41,False,False,False,0,10.8,-0.19999999999999973,1
5.4,-7.8,0.0,9.8,52,2025-12-17,True,False,False,True,42,False,False,False,0,13.2,-1.1999999999999997,1
7.9,-7.1,0.0,14.9,53,2025-12-18,True,False,False,True,43,False,False,False,0,15.0,0.40000000000000036,1
3.0,-4.7,0.0,17.1,53,2025-12-19,True,False,False,True,44,True,False,False,0,7.7,-0.8500000000000001,1
0.9,-6.0,0.0,17.1,37,2025-12-20,True,False,False,True,45,True,False,False,0,6.9,-2.55,1
3.2,-9.9,0.0,12.2,56,2025-12-21,True,False,False,True,46,False,False,False,0,13.100000000000001,-3.35,1
4.3,-8.0,0.1,17.4,58,2025-12-22,True,False,False,True,47,True,False,False,0,12.3,-1.85,1
0.8,-6.3,0.0,15.3,48,2025-12-23,True,False,False,True,48,False,False,False,0,7.1,-2.75,1
0.6,-9.9,0.0,12.3,49,2025-12-24,True,False,False,True,49,False,False,False,0,10.5,-4.65,1
0.6,-11.2,0.0,6.9,48,2025-12-25,True,False,False,True,50,False,False,False,0,11.799999999999999,-5.3,1
3.6,-7.6,0.0,10.1,46,2025-12-26,True,False,False,True,51,False,False,False,0,11.2,-1.9999999999999998,1
3.8,-12.1,0.0,12.3,61,2025-12-27,True,False,False,True,52,False,False,False,0,15.899999999999999,-4.15,1
4.7,-7.5,0.0,14.6,53,2025-12-28,True,False,False,True,53,False,False,False,0,12.2,-1.4,1
3.2,-8.9,0.0,12.8,58,2025-12-29,True,False,False,True,54,False,False,False,0,12.100000000000001,-2.85,1
0.8,-8.1,0.0,16.6,48,2025-12-30,True,False,False,True,55,False,False,False,0,8.9,-3.65,1
-3.2,-7.0,1.1,16.5,45,2025-12-31,True,False,False,False,1,False,False,True,2,3.8,-5.1,1
-1.3,-10.7,0.0,8.4,53,2026-01-01,True,False,False,True,2,False,False,False,0,9.399999999999999,-6.0,1
-1.0,-12.1,0.0,11.1,50,2026-01-02,True,False,False,True,3,False,False,False,0,11.1,-6.55,1
0.4,-5.2,0.2,7.8,59,2026-01-03,True,False,False,True,4,False,False,False,0,5.6000000000000005,-2.4,1
-1.2,-10.6,0.0,11.8,66,2026-01-04,True,False,False,True,5,False,False,False,0,9.4,-5.8999999999999995,1
-4.6,-9.7,0.0,12.6,61,2026-01-05,True,False,False,True,6,False,False,False,0,5.1,-7.1499999999999995,1
-0.1,-14.2,0.0,11.5,57,2026-01-06,True,False,False,True,7,False,False,False,0,14.1,-7.1499999999999995,1
-1.0,-7.8,0.0,16.4,55,2026-01-07,True,False,False,True,8,False,False,False,0,6.8,-4.4,1
4.4,-11.6,0.0,19.8,50,2026-01-08,True,False,False,True,9,True,False,False,0,16.0,-3.5999999999999996,1
2.0,-3.7,0.0,25.0,29,2026-01-09,True,False,False,True,10,True,True,False,0,5.7,-0.8500000000000001,1
-3.2,-12.1,0.0,18.8,25,2026-01-10,True,False,False,True,11,True,True,False,0,8.899999999999999,-7.65,1
5.0,-14.8,0.0,18.5,31,2026-01-11,True,False,False,True,12,True,False,False,0,19.8,-4.9,1
7.0,-3.8,0.0,19.1,25,2026-01-12,True,False,False,True,13,True,True,False,0,10.8,1.6,1
9.2,-7.9,0.0,13.1,30,2026-01-13,True,False,False,True,14,False,False,False,0,17.1,0.6499999999999995,1
7.3,-1.5,0.0,19.9,29,2026-01-14,True,False,False,True,15,True,True,False,0,8.8,2.9,1
9.6,-2.4,0.0,23.3,27,2026-01-15,True,False,False,True,16,True,True,False,0,12.0,3.5999999999999996,1
2.6,-5.9,0.0,10.6,38,2026-01-16,True,False,False,True,17,False,False,False,0,8.5,-1.6500000000000001,1
6.5,-10.2,0.0,17.3,37,2026-01-17,True,False,False,True,18,True,False,False,0,16.7,-1.8499999999999996,1
-4.2,-11.4,0.2,15.7,39,2026-01-18,True,False,False,True,19,False,False,False,0,7.2,-7.800000000000001,1
-10.6,-16.7,0.0,17.7,35,2026-01-19,True,False,False,True,20,True,False,False,0,6.1,-13.649999999999999,1
-7.2,-17.4,0.0,15.8,29,2026-01-20,True,False,False,True,21,False,True,False,0,10.2,-12.299999999999999,1
-4.3,-17.1,0.0,12.9,37,2026-01-21,True,False,False,True,22,False,False,False,0,12.8,-10.700000000000001,1
-0.9,-15.2,0.0,14.1,44,2026-01-22,True,False,False,True,23,False,False,False,0,14.299999999999999,-8.049999999999999,1
1.8,-13.9,0.0,13.5,48,2026-01-23,True,False,False,True,24,False,False,False,0,15.700000000000001,-6.05,1
4.0,-10.8,0.0,18.4,50,2026-01-24,True,False,False,True,25,True,False,False,0,14.8,-3.4000000000000004,1
0.6,-5.1,0.0,13.0,40,2026-01-25,True,False,False,True,26,False,False,False,0,5.699999999999999,-2.25,1
2.0,-10.3,0.0,9.7,39,2026-01-26,True,False,False,True,27,False,False,False,0,12.3,-4.15,1
3.7,-8.9,0.0,8.5,35,2026-01-27,True,False,False,True,28,False,False,False,0,12.600000000000001,-2.6,1
4.1,-10.7,0.0,14.4,35,2026-01-28,True,False,False,True,29,False,False,False,0,14.799999999999999,-3.3,1
2.7,-4.3,0.0,13.4,32,2026-01-29,True,False,False,True,30,False,False,False,0,7.0,-0.7999999999999998,1
3.7,-7.3,0.0,16.6,53,2026-01-30,True,False,False,True,31,False,False,False,0,11.0,-1.7999999999999998,1
1.8,-8.7,0.0,8.2,57,2026-01-31,True,False,False,True,32,False,False,False,0,10.5,-3.4499999999999997,1
3.3,-10.1,0.0,7.9,47,2026-02-01,True,False,False,True,33,False,False,False,0,13.399999999999999,-3.4,1
4.2,-9.8,0.0,12.3,35,2026-02-02,True,False,False,True,34,False,False,False,0,14.0,-2.8000000000000003,1
5.8,-8.3,0.0,8.3,38,2026-02-03,True,False,False,True,35,False,False,False,0,14.100000000000001,-1.2500000000000004,1
8.9,-9.2,0.0,9.4,41,2026-02-04,True,False,False,True,36,False,False,False,0,18.1,-0.14999999999999947,1
3.9,-3.6,0.0,16.9,38,2026-02-05,True,False,False,True,37,False,False,False,0,7.5,0.1499999999999999,1
-1.2,-7.6,0.4,18.5,34,2026-02-06,True,False,False,True,38,True,False,False,0,6.3999999999999995,-4.3999999999999995,1
-0.2,-13.1,0.0,8.8,30,2026-02-07,True,False,False,True,39,False,False,False,0,12.9,-6.6499999999999995,1
4.4,-12.5,0.0,15.5,27,2026-02-08,True,False,False,True,40,False,True,False,0,16.9,-4.05,1
5.4,-4.0,0.0,17.3,28,2026-02-09,True,False,False,True,41,True,True,False,0,9.4,0.7000000000000002,1
4.0,-4.3,0.0,11.6,40,2026-02-10,True,False,False,True,42,False,False,False,0,8.3,-0.1499999999999999,1
7.0,-9.2,0.0,10.0,39,2026-02-11,True,False,False,True,43,False,False,False,0,16.2,-1.0999999999999996,1
9.3,-7.5,0.0,8.9,32,2026-02-12,True,False,False,True,44,False,False,False,0,16.8,0.9000000000000004,1
14.9,-8.4,0.0,7.8,26,2026-02-13,True,False,False,True,45,False,False,False,0,23.3,3.25,1
7.2,-2.8,0.0,23.4,32,2026-02-14,True,False,False,True,46,True,False,False,0,10.0,2.2,1
0.5,-6.8,0.0,18.2,13,2026-02-15,True,False,False,True,47,True,True,False,0,7.3,-3.15,1
3.1,-7.6,0.0,12.8,15,2026-02-16,True,False,False,True,48,False,False,False,0,10.7,-2.25,1
5.3,-6.8,0.0,11.5,23,2026-02-17,True,False,False,True,49,False,False,False,0,12.1,-0.75,1
8.6,-8.0,0.0,8.5,39,2026-02-18,True,False,False,True,50,False,False,False,0,16.6,0.2999999999999998,1
11.6,-1.7,0.0,24.6,33,2026-02-19,True,False,False,True,51,True,False,False,0,13.299999999999999,4.95,1
18.1,2.3,0.0,22.4,24,2026-02-20,False,False,False,True,52,True,True,False,0,15.8,10.200000000000001,0
10.3,2.4,0.0,31.7,21,2026-02-21,False,False,False,True,53,True,True,False,0,7.9,6.3500000000000005,1
7.6,-7.6,0.0,26.9,17,2026-02-22,True,False,False,True,54,True,True,False,0,15.2,0.0,1
11.1,-4.1,0.0,17.7,25,2026-02-23,True,False,False,True,55,True,True,False,0,15.2,3.5,1
13.9,-3.0,0.0,13.7,32,2026-02-24,True,False,False,True,56,False,False,False,0,16.9,5.45,1
9.9,-0.9,0.0,16.9,36,2026-02-25,True,False,False,True,57,False,False,False,0,10.8,4.5,1
9.7,-3.5,0.0,14.3,21,2026-02-26,True,False,False,True,58,False,False,False,0,13.2,3.0999999999999996,1
11.9,-2.8,0.0,12.3,38,2026-02-27,True,False,False,True,59,False,False,False,0,14.7,4.550000000000001,1
12.4,-1.7,0.0,10.1,56,2026-02-28,True,False,False,True,60,False,False,False,0,14.1,5.3500000000000005,1
10.3,-0.4,0.3,13.7,50,2026-03-01,True,False,False,True,61,False,False,False,0,10.700000000000001,4.95,1
15.5,1.7,0.0,21.8,56,2026-03-02,False,False,False,True,62,True,False,False,0,13.8,8.6,1
11.2,-3.2,0.0,11.1,29,2026-03-03,True,False,False,True,63,False,False,False,0,14.399999999999999,3.9999999999999996,1
11.3,-2.1,0.0,16.5,38,2026-03-04,True,False,False,True,64,False,False,False,0,13.4,4.6000000000000005,1
8.1,-2.7,0.0,19.3,24,2026-03-05,True,False,False,True,65,True,True,False,0,10.8,2.6999999999999997,1
7.2,-4.7,0.0,18.9,23,2026-03-06,True,False,False,True,66,True,True,False,0,11.9,1.25,1
9.9,-4.2,0.0,12.1,40,2026-03-07,True,False,False,True,67,False,False,False,0,14.100000000000001,2.85,1
10.4,0.6,0.0,10.0,30,2026-03-08,False,False,False,True,68,False,False,False,0,9.8,5.5,1
13.0,-3.4,0.0,10.2,31,2026-03-09,True,False,False,True,69,False,False,False,0,16.4,4.8,1
17.1,-1.7,0.0,13.6,36,2026-03-10,True,False,False,True,70,False,False,False,0,18.8,7.700000000000001,0
18.9,-0.8,0.0,12.2,27,2026-03-11,True,False,False,True,71,False,False,False,0,19.7,9.049999999999999,0
18.2,3.6,0.0,20.2,33,2026-03-12,False,False,False,True,72,True,False,False,0,14.6,10.9,0
8.5,1.3,1.3,17.2,42,2026-03-13,False,False,False,False,1,True,False,True,2,7.2,4.9,1
5.7,-1.5,0.2,12.2,61,2026-03-14,True,False,False,True,2,False,False,False,0,7.2,2.1,1
6.2,-3.8,0.0,11.5,53,2026-03-15,True,False,False,True,3,False,False,False,0,10.0,1.2000000000000002,1
12.4,-2.5,0.0,15.1,51,2026-03-16,True,False,False,True,4,False,False,False,0,14.9,4.95,1
10.1,1.7,0.0,33.2,20,2026-03-17,False,False,False,True,5,True,True,False,0,8.4,5.8999999999999995,1
4.9,-5.3,0.0,25.1,29,2026-03-18,True,False,False,True,6,True,True,False,0,10.2,-0.19999999999999973,1
10.3,-3.3,0.0,9.6,23,2026-03-19,True,False,False,True,7,False,False,False,0,13.600000000000001,3.5000000000000004,1
15.1,-0.2,0.0,19.4,20,2026-03-20,True,False,False,True,8,True,True,False,0,15.299999999999999,7.45,0
14.4,-0.8,0.0,25.6,24,2026-03-21,True,False,False,True,9,True,True,False,0,15.200000000000001,6.8,0
10.6,-0.9,0.0,12.9,25,2026-03-22,True,False,False,True,10,False,False,False,0,11.5,4.85,1
16.7,0.6,0.0,16.4,24,2026-03-23,False,False,False,True,11,False,True,False,0,16.099999999999998,8.65,0
19.0,3.0,0.0,17.9,19,2026-03-24,False,False,False,True,12,True,True,False,0,16.0,11.0,0
19.5,2.5,0.0,7.0,23,2026-03-25,False,False,False,True,13,False,False,False,0,17.0,11.0,0
20.2,4.4,0.0,7.9,24,2026-03-26,False,False,False,True,14,False,False,False,0,15.799999999999999,12.3,0
18.9,6.8,0.5,20.1,29,2026-03-27,False,False,False,True,15,True,True,False,0,12.099999999999998,12.85,0
12.5,3.8,2.6,16.6,56,2026-03-28,False,False,False,False,1,False,False,True,2,8.7,8.15,2
14.7,0.6,0.0,10.2,56,2026-03-29,False,False,False,True,2,False,False,False,0,14.1,7.6499999999999995,1
13.6,3.2,0.3,19.9,57,2026-03-30,False,False,False,True,3,True,False,False,0,10.399999999999999,8.4,1
17.0,1.6,0.0,17.3,49,2026-03-31,False,False,False,True,4,True,False,False,0,15.4,9.3,0
20.2,2.7,0.0,24.1,29,2026-04-01,False,False,False,True,5,True,True,False,0,17.5,11.45,0
22.6,5.3,0.0,17.8,23,2026-04-02,False,False,False,True,6,True,True,False,0,17.3,13.950000000000001,0
17.3,8.0,0.0,22.7,19,2026-04-03,False,False,False,True,7,True,True,False,0,9.3,12.65,0
21.5,3.7,0.0,27.6,18,2026-04-04,False,False,False,True,8,True,True,False,0,17.8,12.6,0
19.5,2.7,0.0,17.5,16,2026-04-05,False,False,False,True,9,True,True,False,0,16.8,11.1,0
22.5,4.2,0.0,14.4,16,2026-04-06,False,False,False,True,10,False,False,False,0,18.3,13.35,0
25.8,6.4,0.0,24.1,21,2026-04-07,False,False,False,True,11,True,True,False,0,19.4,16.1,0
24.5,11.1,0.0,20.8,39,2026-04-08,False,False,False,True,12,True,False,False,0,13.4,17.8,0
21.2,9.2,0.0,12.8,18,2026-04-09,False,False,False,True,13,False,False,False,0,12.0,15.2,0
22.2,6.9,0.0,8.7,22,2026-04-10,False,False,False,True,14,False,False,False,0,15.299999999999999,14.55,0
25.5,7.7,0.0,14.9,19,2026-04-11,False,False,False,True,15,False,False,False,0,17.8,16.6,0
23.0,12.0,0.0,14.6,22,2026-04-12,False,False,False,True,16,False,False,False,0,11.0,17.5,0
22.7,12.6,0.0,13.4,27,2026-04-13,False,False,False,True,17,False,False,False,0,10.1,17.65,0
22.4,9.9,0.0,12.1,24,2026-04-14,False,False,False,True,18,False,False,False,0,12.499999999999998,16.15,0
22.1,9.1,0.8,19.5,39,2026-04-15,False,False,False,True,19,True,False,False,0,13.000000000000002,15.600000000000001,0
19.2,8.4,0.0,14.9,52,2026-04-16,False,False,False,True,20,False,False,False,0,10.799999999999999,13.8,2
25.2,8.2,0.0,18.3,28,2026-04-17,False,False,False,True,21,True,True,False,0,17.0,16.7,0
29.1,11.4,0.0,22.2,29,2026-04-18,False,False,False,True,22,True,True,False,0,17.700000000000003,20.25,0
18.9,7.0,1.0,24.2,27,2026-04-19,False,False,False,False,1,True,True,True,2,11.899999999999999,12.95,0
16.5,1.7,0.0,9.7,20,2026-04-20,False,False,False,True,2,False,False,False,0,14.8,9.1,1
18.1,6.0,0.0,16.4,33,2026-04-21,False,False,False,True,3,False,False,False,0,12.100000000000001,12.05,0
21.5,7.2,0.0,19.6,35,2026-04-22,False,False,False,True,4,True,False,False,0,14.3,14.35,0
24.1,7.6,0.0,15.2,23,2026-04-23,False,False,False,True,5,False,True,False,0,16.5,15.850000000000001,0
24.3,11.6,0.0,17.7,16,2026-04-24,False,False,False,True,6,True,True,False,0,12.700000000000001,17.95,0
27.0,9.9,0.0,12.8,17,2026-04-25,False,False,False,True,7,False,False,False,0,17.1,18.45,0
23.4,14.2,0.0,22.0,19,2026-04-26,False,False,False,True,8,True,True,False,0,9.2,18.799999999999997,0
21.4,9.1,0.0,26.5,17,2026-04-27,False,False,False,True,9,True,True,False,0,12.299999999999999,15.25,0
17.1,7.6,0.0,18.1,18,2026-04-28,False,False,False,True,10,True,True,False,0,9.500000000000002,12.350000000000001,0
21.5,5.2,0.0,9.9,17,2026-04-29,False,False,False,True,11,False,False,False,0,16.3,13.35,0
25.1,9.5,0.0,13.9,38,2026-04-30,False,False,False,True,12,False,False,False,0,15.600000000000001,17.3,0
21.6,13.2,0.1,14.1,42,2026-05-01,False,False,False,True,13,False,False,False,0,8.400000000000002,17.4,2
16.9,8.1,3.2,22.4,48,2026-05-02,False,False,False,False,1,True,False,True,2,8.799999999999999,12.5,2
21.5,6.3,0.0,11.7,38,2026-05-03,False,False,False,True,2,False,False,False,0,15.2,13.9,0
26.8,9.1,0.0,11.2,24,2026-05-04,False,False,False,True,3,False,False,False,0,17.700000000000003,17.95,0
31.0,12.6,0.0,15.5,27,2026-05-05,False,False,False,True,4,False,True,False,0,18.4,21.8,0
22.6,14.5,0.1,26.5,20,2026-05-06,False,False,False,True,5,True,True,False,0,8.100000000000001,18.55,0
23.2,7.8,0.0,16.7,17,2026-05-07,False,False,False,True,6,False,True,False,0,15.399999999999999,15.5,0
27.8,10.9,0.0,19.5,19,2026-05-08,False,False,False,True,7,True,True,False,0,16.9,19.35,0
28.9,14.6,0.0,19.6,12,2026-05-09,False,False,False,True,8,True,True,False,0,14.299999999999999,21.75,0
30.6,14.9,0.0,23.6,14,2026-05-10,False,False,False,True,9,True,True,False,0,15.700000000000001,22.75,0
33.3,14.7,0.0,14.0,16,2026-05-11,False,False,False,True,10,False,False,False,0,18.599999999999998,24.0,0
33.1,16.3,0.0,25.5,22,2026-05-12,False,False,False,True,11,True,True,False,0,16.8,24.700000000000003,0
27.6,16.6,0.0,18.9,34,2026-05-13,False,False,False,True,12,True,False,False,0,11.0,22.1,0
25.2,17.5,0.0,14.4,35,2026-05-14,False,False,False,True,13,False,False,False,0,7.699999999999999,21.35,0
21.5,13.6,4.4,12.7,56,2026-05-15,False,False,False,False,1,False,False,True,2,7.9,17.55,2
23.2,13.1,11.6,16.1,69,2026-05-16,False,False,False,False,1,False,False,True,3,10.1,18.15,2
21.1,13.7,0.1,13.9,62,2026-05-17,False,False,False,True,2,False,False,False,0,7.400000000000002,17.4,2
26.0,10.5,0.0,7.9,58,2026-05-18,False,False,False,True,3,False,False,False,0,15.5,18.25,2
28.3,13.9,0.0,26.6,44,2026-05-19,False,False,False,True,4,True,False,False,0,14.4,21.1,0
28.4,14.9,0.0,16.3,43,2026-05-20,False,False,False,True,5,False,False,False,0,13.499999999999998,21.65,0
20.4,12.6,1.1,25.4,49,2026-05-21,False,False,False,False,1,True,False,True,2,7.799999999999999,16.5,2
27.1,12.7,0.8,20.7,38,2026-05-22,False,False,False,True,2,True,False,False,0,14.400000000000002,19.9,0
28.0,12.7,0.0,23.0,34,2026-05-23,False,False,False,True,3,True,False,False,0,15.3,20.35,0
23.5,15.4,13.8,13.7,77,2026-05-24,False,False,False,False,1,False,False,True,2,8.1,19.45,2
24.5,12.8,0.0,6.1,67,2026-05-25,False,False,False,True,2,False,False,False,0,11.7,18.65,2
23.5,14.8,0.0,15.7,50,2026-05-26,False,False,False,True,3,False,False,False,0,8.7,19.15,2
22.3,14.2,0.0,23.6,44,2026-05-27,False,False,False,True,4,True,False,False,0,8.100000000000001,18.25,0
24.1,11.1,0.0,9.0,46,2026-05-28,False,False,False,True,5,False,False,False,0,13.000000000000002,17.6,0
26.4,11.9,0.0,13.6,43,2026-05-29,False,False,False,True,6,False,False,False,0,14.499999999999998,19.15,0
31.0,13.4,0.0,15.5,36,2026-05-30,False,False,False,True,7,False,False,False,0,17.6,22.2,0
28.1,18.1,0.0,15.1,23,2026-05-31,False,False,False,True,8,False,True,False,0,10.0,23.1,0
31.1,15.4,0.0,12.8,27,2026-06-01,False,False,False,True,9,False,False,False,0,15.700000000000001,23.25,0
34.8,17.6,0.0,19.4,26,2026-06-02,False,False,False,True,10,True,True,False,0,17.199999999999996,26.2,0
28.0,17.0,0.3,16.3,24,2026-06-03,False,False,False,True,11,False,True,False,0,11.0,22.5,0
28.0,13.9,0.0,18.7,25,2026-06-04,False,False,False,True,12,True,True,False,0,14.1,20.95,0
29.7,14.4,0.0,27.0,25,2026-06-05,False,False,False,True,13,True,True,False,0,15.299999999999999,22.05,0
24.4,14.5,0.0,27.2,29,2026-06-06,False,False,False,True,14,True,True,False,0,9.899999999999999,19.45,0
26.0,12.2,0.0,17.2,23,2026-06-07,False,False,False,True,15,True,True,False,0,13.8,19.1,0
29.8,11.8,0.0,27.4,23,2026-06-08,False,False,False,True,16,True,True,False,0,18.0,20.8,0
